fire_name,grid_row,grid_col,fire_lat,fire_lon,min_dist_to_camera_m,min_dist_to_camera_km,detected
1-8_Jessen_2024-CALMU-004352,252,306,40.83525,-121.004341,12251.9,12.252,1
4-1_2024-CATCU-006043,556,307,38.204895,-120.161225,11259.0,11.259,1
5-1_2024-CAMMU-016051,677,333,37.207984,-119.568146,5266.5,5.267,1
5-2_2024-CAMMU-016053,684,341,37.16372,-119.46259,8585.5,8.586,1
5-2_2024-CASHU-009215,230,187,40.744212,-122.449008,10210.1,10.21,1
5-4_2024-CAMMU-016086,684,341,37.16372,-119.46259,8585.5,8.586,1
Ackerson_2024-CASTF-001399,602,326,37.845963,-119.831539,10466.4,10.466,1
Acorn_2024-CACNF-002683,1212,521,32.871338,-116.409115,2592.3,2.592,1
Acorn_2024-CASQF-001270,886,378,35.47448,-118.590555,2404.3,2.404,1
Airport_2024-CAKNF-009324,95,143,41.790746,-123.393017,40038.2,40.038,0
Alder_2024-CAANF-244447,1023,398,34.312246,-118.082041,10046.4,10.046,1
Alder_2024-CASHF-000370,185,172,41.093422,-122.763404,33509.6,33.51,0
Aliso_2024-CALPF-002588,926,259,34.882112,-119.784909,25168.0,25.168,1
Alpine_2024-CASTF-002246,564,314,38.150545,-120.062202,5710.3,5.71,1
Alpine_2024-CATNF-000884,450,320,39.153025,-120.292787,18560.5,18.561,1
Alray_2024-CABDF-015057,1030,454,34.356266,-117.468197,14967.8,14.968,1
Antelope_2024-CAPNF-000395,338,325,40.134443,-120.540633,18988.9,18.989,1
Apache_2024-CALPF-001757,948,289,34.752444,-119.412543,18663.6,18.664,1
Applegate_2024-CAMDF-000802,156,389,41.851648,-120.31021,5509.8,5.51,1
Archer_2024-CAANF-243524,987,363,34.560119,-118.532845,13915.7,13.916,1
Argentine_2024-CAPNF-000269,355,301,39.933691,-120.768975,10287.2,10.287,1
Arnot_2024-CASTF-001473,533,345,38.486367,-119.793377,22465.6,22.466,1
Ash_2024-CAMDF-000501,224,330,41.131617,-120.806092,20310.2,20.31,1
Ashpan_2024-CALNF-003573,266,259,40.606087,-121.508005,10866.4,10.866,1
Aspen_2024-CAINF-000889,607,383,37.921824,-119.182239,22310.4,22.31,1
Azalea_2024-CASRF-000964,76,100,41.842048,-123.960246,6992.6,6.993,1
Babbit_2024-CATNF-001465,405,346,39.600027,-120.116969,15803.2,15.803,1
Babcock_2024-CAPNF-000739,337,320,40.131964,-120.600945,24038.6,24.039,1
Back_Bone_2024-CANEU-015937,410,277,39.403921,-120.890256,8763.2,8.763,1
Badger_2024-CASNF-000935,682,375,37.251362,-119.090734,13488.7,13.489,1
Bailey_2024-CABDF-005862,1048,462,34.212642,-117.346611,3945.4,3.945,1
Bailey_2024-CASRF-000702,251,98,40.343244,-123.407826,3746.2,3.746,1
Baldwin_2024-CABDF-006762,1050,513,34.287328,-116.796694,1107.3,1.107,1
Baldy_2024-CAANF-242409,1043,432,34.200948,-117.677443,2545.6,2.546,1
Baldy_2024-CAMNF-000884,313,121,39.870035,-122.950811,2892.7,2.893,1
Banner_2024-CATNF-001676,424,279,39.287303,-120.828902,9914.2,9.914,1
Barbosa_2024-CAANF-242899,1039,416,34.205982,-117.856605,4604.1,4.604,1
Barlow_2024-CASQF-001046,871,393,35.635412,-118.460718,6713.2,6.713,1
Barrett_2024-CACNF-000708,1221,493,32.742937,-116.687551,8462.7,8.463,1
Base_2024-CABDF-012513,1057,476,34.15902,-117.179111,7211.7,7.212,1
Basin_2024-CASHF-000799,245,114,40.434962,-123.243252,14081.5,14.082,1
Basin_2024-CASNF-000731,724,365,36.864423,-119.101905,6844.2,6.844,1
Bass_2024-CAMMU-023926,670,337,37.277336,-119.54089,981.0,0.981,1
Bassetts_2024-CATNF-001538,402,306,39.53809,-120.581846,8398.3,8.398,1
Bautista_2024-CABDF-011458,1120,499,33.645127,-116.812359,3681.9,3.682,1
Bawdy_2024-CASNF-001693,688,362,37.172348,-119.220478,5393.3,5.393,1
Beach_2024-CASQF-001885,879,371,35.521866,-118.681968,3268.6,3.269,1
Beal_2024-CAFKU-012210,699,343,37.03715,-119.404295,4249.3,4.249,1
Bear_2024-CAANF-243255,1022,433,34.387444,-117.709373,2386.5,2.386,1
Bear_2024-CAMDF-000407,129,343,41.98159,-120.932867,17956.2,17.956,1
Bear_2024-CASKU-008015,193,267,41.25375,-121.632939,8971.3,8.971,1
Bear_2024-CASRF-000951,229,91,40.513506,-123.558562,11916.9,11.917,1
Bear_2024-CATNF-001251,403,338,39.599941,-120.213766,20738.1,20.738,1
Bear_2_2024-CAENF-031901,475,272,38.830172,-120.76908,4459.2,4.459,1
Bear_Dam_2024-CABDF-015192,1052,496,34.239266,-116.974899,7635.7,7.636,1
Bear_Lake_2024-CASTF-001903,566,331,38.169641,-119.866588,14786.3,14.786,1
Beardsley_2024-CASTF-002557,557,314,38.21135,-120.080177,4501.5,4.502,1
Bee_2024-CAKNF-005736,92,196,41.949609,-122.78091,18491.1,18.491,1
Bell_2024-CASTF-001979,565,327,38.169782,-119.91397,10778.0,10.778,1
Bench_2024-CACNF-002603,1212,520,32.869606,-116.419654,2519.6,2.52,1
Berry_2024-CASRF-001009,233,90,40.476778,-123.557186,12852.0,12.852,1
Big_2024-CAANF-243530,983,349,34.567527,-118.691572,3329.2,3.329,1
Big_2024-CASQF-000665,746,381,36.704821,-118.874162,13816.8,13.817,1
Billy_2024-CASNF-001544,681,362,37.233394,-119.237232,1695.2,1.695,1
Bingham_2024-CAKNF-006782,160,162,41.282753,-122.959252,35659.3,35.659,0
Bitter_2024-CAANF-244511,988,361,34.54742,-118.552148,15172.6,15.173,1
Bizz_2024-CALMU-003272,300,306,40.420539,-120.866488,9330.3,9.33,1
Black_2024-CAENF-020571,458,302,39.044104,-120.475543,11560.7,11.561,1
Black_2024-CAPNF-000439,372,276,39.730233,-121.007582,4433.2,4.433,1
Blackhawk_2024-CAPNF-000215,346,287,39.97992,-120.954815,3215.3,3.215,1
Blue_2024-CAANF-242070,1024,433,34.369864,-117.7053,1283.0,1.283,1
Blue_2024-CABDF-010473,1057,481,34.168109,-117.125644,3391.9,3.392,1
Blue_2024-CAKNF-005703,101,157,41.774971,-123.209222,34134.9,34.135,0
Blue_2024-CANEU-024723,425,297,39.318903,-120.621552,5257.5,5.257,1
Blue_2024-CASTF-001688,555,352,38.309915,-119.658771,34647.5,34.647,0
Blue_2024-CATNF-000587,420,297,39.362199,-120.635189,8911.2,8.911,1
Blue_2024-CATNF-001491,420,297,39.362199,-120.635189,8911.2,8.911,1
Bluff_2024-CABDF-012418,1055,497,34.21463,-116.958365,5904.6,5.905,1
Bluff_2024-CASNF-000709,717,368,36.931644,-119.085289,8705.7,8.706,1
Board_2024-CAMNF-001150,320,120,39.807545,-122.940688,4818.1,4.818,1
Bobcat_2024-CABDF-012662,1048,485,34.254635,-117.100476,4247.3,4.247,1
Boca_2024-CATNF-000758,426,342,39.409159,-120.106512,9028.2,9.028,1
Boise_2024-CASRF-000729,150,117,41.254707,-123.514869,15561.0,15.561,1
Bolam_2024-CASHF-000046,153,228,41.504796,-122.211434,13469.7,13.47,1
Borel_2024-CASQF-001362,880,371,35.513114,-118.679751,3442.7,3.443,1
Boulder_2024-CASQF-001251,751,390,36.679243,-118.763509,23932.2,23.932,1
Bouquet_2024-CAANF-242717,988,379,34.582666,-118.359087,8315.5,8.315,1
Bradley_2024-CASHF-000897,181,212,41.225631,-122.310859,461.2,0.461,1
Bragdon_2024-CASHF-000759,209,176,40.897511,-122.64154,16508.8,16.509,1
Bremer_2024-CASRF-000319,181,100,40.946507,-123.610406,12919.2,12.919,1
Brewer_2024-CASNF-000936,690,370,37.171332,-119.12711,11232.2,11.232,1
Bridge_2024-CAANF-243334,1038,425,34.231759,-117.762428,7618.7,7.619,1
Bridge_2024-CAKNF-002497,102,185,41.836639,-122.87766,27015.0,27.015,1
Brimstone_2024-CATNF-000879,446,279,39.096902,-120.768665,9411.7,9.412,1
Brook_2024-CABDF-008848,1039,453,34.275237,-117.46086,7718.5,7.718,1
Brooks_2024-CATNF-000530,401,343,39.628193,-120.161998,16932.9,16.933,1
Browns_2024-CABTU-017716,333,242,39.988817,-121.50791,4630.3,4.63,1
Browns_2024-CALNF-005269,333,242,39.988817,-121.50791,4630.3,4.63,1
Brubaker_2024-CALPF-002880,951,290,34.72829,-119.39505,20496.6,20.497,1
Buck_2024-CAANF-244182,1023,414,34.342774,-117.91081,13293.7,13.294,1
Bucks_2024-CAPNF-000224,349,275,39.926712,-121.083915,8048.5,8.049,1
Buena_2024-CAANF-242408,1018,375,34.311731,-118.338511,8316.4,8.316,1
Bug_2024-CAANF-242377,1026,391,34.272464,-118.150673,7920.0,7.92,1
Bull_2024-CASTF-001058,589,309,37.922572,-120.054237,7772.3,7.772,1
Bull_2024-CATNF-000923,420,320,39.41311,-120.373311,16068.6,16.069,1
Bunker_2024-CAENF-031192,458,312,39.066119,-120.362192,15426.4,15.426,1
Burro_2024-CAANF-241787,1035,419,34.246808,-117.832706,6753.9,6.754,1
Butte_2024-CAKNF-008406,137,246,41.685589,-122.050512,17554.4,17.554,1
Buttermilks_2024-CAINF-001887,684,420,37.324744,-118.586601,36212.4,36.212,0
Buzzard_2024-CATNF-001488,420,312,39.395474,-120.464436,8724.2,8.724,1
Cable_2024-CALPF-001257,896,234,35.090684,-120.123794,8869.9,8.87,1
Cachuma_2024-CALPF-002151,943,244,34.702208,-119.906648,8366.2,8.366,1
Cactus_2024-CABDF-013456,1046,512,34.320806,-116.815127,5224.5,5.225,1
Campfire_2024-CASQF-000561,857,382,35.736255,-118.611301,5829.7,5.83,1
Campground_2024-CAINF-001022,771,433,36.589364,-118.24476,9050.4,9.05,1
Canal_2024-CABDF-016192,1059,475,34.139585,-117.185875,7421.6,7.422,1
Canyon_2024-CAANF-243072,1023,384,34.2853,-118.231779,1896.8,1.897,1
Canyon_2024-CACNF-000183,1222,518,32.777746,-116.422635,6892.2,6.892,1
Canyon_2024-CAKNF-006803,120,158,41.615026,-123.135289,21396.7,21.397,1
Canyon_2024-CALPF-001838,939,294,34.841378,-119.379148,9129.7,9.13,1
Canyon_2024-CASHF-000754,210,135,40.787229,-123.112514,13535.5,13.536,1
Canyon_2024-CASTF-001749,580,297,37.974806,-120.211315,5069.3,5.069,1
Canyon_2024-CATMU-024403,458,328,39.101096,-120.180705,24606.0,24.606,1
Capitan_2024-CACNF-001149,1205,486,32.871887,-116.790725,10867.2,10.867,1
Capps_2024-CAENF-021415,502,291,38.638446,-120.482392,13688.2,13.688,1
Carmen_2024-CAPNF-000932,377,306,39.754525,-120.650588,5804.1,5.804,1
Carmen_2024-CATNF-001052,389,321,39.683931,-120.446054,9518.8,9.519,1
Cassel_2024-CASHU-011470,226,263,40.960133,-121.580364,18567.8,18.568,1
Castle_2024-CASNF-000932,716,390,36.985029,-118.844584,29358.0,29.358,1
Cattle_2024-CAANF-242372,1038,424,34.229876,-117.773121,8269.3,8.269,1
Cave_2024-CALPF-002253,968,249,34.494594,-119.79571,9790.3,9.79,1
Caves_2024-CAINF-000643,644,398,37.629809,-118.925544,9442.9,9.443,1
Cayuse_2024-CAKNF-002498,105,200,41.848152,-122.691873,12545.2,12.545,1
Cedar_2024-CABDF-006927,1131,515,33.576354,-116.621603,5207.3,5.207,1
Cedar_2024-CASRF-000606,194,97,40.827813,-123.602694,12150.4,12.15,1
Cemetery_2024-CAINF-001307,595,391,38.042887,-119.121916,33443.6,33.444,0
Center_2024-CAANF-241387,985,351,34.553968,-118.665811,6157.4,6.157,1
Chandler_2024-CAPNF-000653,349,291,39.963042,-120.900482,3470.9,3.471,1
Cherry_2024-CAANF-241157,965,343,34.713245,-118.795036,6977.9,6.978,1
Cherry_2024-CASTF-001057,589,320,37.946187,-119.93135,12348.9,12.349,1
Chilao_2024-CAANF-244171,1023,404,34.323727,-118.017842,11578.1,11.578,1
Chip_2024-CAKNF-000790,110,193,41.788,-122.757905,17577.3,17.577,1
Chipmunk_2024-CAKNF-006947,112,176,41.728593,-122.950705,16148.9,16.149,1
Cinder_2024-CASHF-000109,155,228,41.487618,-122.205189,14181.1,14.181,1
Circle_2024-CABDF-011098,1035,449,34.30301,-117.511703,10030.0,10.03,1
Cisco_2024-CATNF-000949,430,305,39.293354,-120.516996,4180.0,4.18,1
City_2024-CABDF-008910,1059,475,34.139585,-117.185875,7421.6,7.422,1
Clavey_2024-CASTF-001059,592,307,37.892198,-120.068929,7132.9,7.133,1
Claw_2024-CASNF-001572,710,377,37.011086,-119.002342,16188.8,16.189,1
Clear_2024-CAMDF-000244,132,316,41.89365,-121.242541,29906.6,29.907,1
Clear_2024-CATNF-001267,418,292,39.368361,-120.697551,8596.1,8.596,1
Clearwater_2024-CAANF-242776,987,370,34.573856,-118.457769,8371.9,8.372,1
Cleghorn_2024-CABDF-010652,1036,454,34.303482,-117.456163,10190.8,10.191,1
Cliff_2024-CASNF-000512,711,373,36.994212,-119.044199,12109.3,12.109,1
Cloud_2024-CAMDF-000692,147,391,41.933958,-120.312602,14608.8,14.609,1
Club_2024-CASRF-000156,181,99,40.943946,-123.621966,11997.3,11.997,1
Coarse_2024-CAANF-244555,996,367,34.489071,-118.470741,15979.8,15.98,1
Coast_2024-CALPF-001296,720,120,36.363827,-121.799505,10788.5,10.788,1
Coble_Spring_2024-CALNF-002129,238,283,40.903255,-121.312397,20227.9,20.228,1
Coffee_2024-CASRF-001103,145,112,41.284615,-123.589393,13782.8,13.783,1
Cold_2024-CAANF-244599,1030,419,34.290747,-117.842932,9084.4,9.084,1
Cold_2024-CASQF-001253,802,388,36.229373,-118.669125,16657.6,16.658,1
Cole_2024-CAENF-027933,522,309,38.504395,-120.227036,15251.3,15.251,1
College_2024-CAINF-001563,642,395,37.641162,-118.963762,6176.8,6.177,1
Coloma_2024-CATNF-001057,399,266,39.474138,-121.046049,5638.8,5.639,1
Con_2024-CAFKU-019749,738,367,36.746299,-119.046989,4498.0,4.498,1
Cone_2024-CAINF-001223,646,386,37.587911,-119.054479,5101.5,5.102,1
Connection_2024-CAINF-001054,615,402,37.890971,-118.950329,18458.4,18.458,1
Conrad_2024-CASHF-000596,211,140,40.79118,-123.051589,10142.3,10.142,1
Copper_2024-CAANF-242334,991,364,34.527021,-118.513564,15416.6,15.417,1
Copper_2024-CAKNF-007887,89,174,41.920387,-123.049225,39232.3,39.232,0
Coppins_2024-CATNF-000957,408,320,39.517105,-120.405778,22404.4,22.404,1
Cougar_2024-CABDF-010555,1048,503,34.287087,-116.907701,3383.7,3.384,1
Cougar_2024-CAKNF-005306,100,144,41.750578,-123.36475,43128.0,43.128,0
Cow_2024-CASQF-000568,881,369,35.500383,-118.699229,2439.3,2.439,1
Coyote_2024-CAINF-001280,692,421,37.256815,-118.556955,36515.9,36.516,0
Craigs_2024-CASRF-000026,80,93,41.789706,-124.028523,13202.8,13.203,1
Craigs_Access_2024-CASRF-000181,80,93,41.789706,-124.028523,13202.8,13.203,1
Crater_2024-CAINF-001082,635,394,37.700198,-118.991672,8098.4,8.098,1
Crater_2024-CASNF-000937,683,383,37.25896,-118.999643,21477.3,21.477,1
Creek_2024-CAANF-242047,1015,375,34.33805,-118.344829,5516.7,5.517,1
Creek_2024-CABDF-007154,1054,476,34.185439,-117.185006,6633.8,6.634,1
Creek_2024-CAINF-001185,635,389,37.689993,-119.047449,6606.4,6.606,1
Creek_2024-CAKNF-002761,90,143,41.833451,-123.40961,38350.1,38.35,0
Crest_2024-CAANF-241274,1028,401,34.274083,-118.039591,5749.5,5.749,1
Crozier_2024-CAAEU-022341,477,278,38.826252,-120.695924,5134.1,5.134,1
Crystal_2024-CATNF-000881,415,348,39.517615,-120.067387,5605.3,5.605,1
Cuesta_2024-CAPNF-001560,374,320,39.811641,-120.498578,3033.8,3.034,1
Curl_2024-CASHF-000768,210,219,40.993399,-122.139858,10002.7,10.003,1
Cyrus_2024-CASQF-001912,865,398,35.697779,-118.419537,1214.6,1.215,1
Dam_2024-CAANF-242212,1046,423,34.15767,-117.767544,3088.9,3.089,1
Dam_2024-CASRF-000556,246,96,40.380927,-123.446693,8097.1,8.097,1
Dark_2024-CAKNF-006777,166,161,41.228887,-122.951661,41517.4,41.517,0
Darling_2024-CAENF-030342,473,273,38.849726,-120.763199,5192.4,5.192,1
Deadman_2024-CAINF-001614,630,399,37.754001,-118.947849,9824.9,9.825,1
Deer_2024-CAINF-001323,640,426,37.721148,-118.622611,37213.3,37.213,0
Deer_2024-CALNF-003958,306,260,40.263476,-121.379482,6712.0,6.712,1
Deer_2024-CATMU-022426,446,345,39.242095,-120.019314,5796.2,5.796,1
Del_Sur_2024-CAANF-242021,989,375,34.566096,-118.399874,8465.9,8.466,1
Dell_2024-CABDF-011704,1039,454,34.277088,-117.450156,8384.7,8.385,1
Delonegha_2024-CASQF-001752,877,378,35.553269,-118.610427,10444.7,10.445,1
Desert_2024-CACNF-000097,1212,521,32.871338,-116.409115,2592.3,2.592,1
Dime_2024-CAANF-242179,1038,425,34.231759,-117.762428,7618.7,7.619,1
Dinkey_2024-CASNF-001040,702,365,37.056393,-119.153928,10729.1,10.729,1
Dodge_2024-CASTF-001338,561,320,38.189526,-120.00265,2716.0,2.716,1
Dog_2024-CATNF-000540,424,339,39.41999,-120.146043,10740.0,10.74,1
Dog_2024-CATNF-001401,425,339,39.411315,-120.143373,11107.4,11.107,1
Don_2024-CASQF-001286,740,398,36.791406,-118.700664,30452.2,30.452,1
Donahue_2024-CASRF-000457,137,122,41.378497,-123.499453,26556.2,26.556,1
Doski_2024-CAANF-244398,1022,383,34.292143,-118.244564,2719.2,2.719,1
Double_2024-CASTF-002437,548,327,38.317516,-119.957408,9201.7,9.202,1
Drink_2024-CAANF-243958,988,366,34.557247,-118.498534,11942.0,11.942,1
Duck_2024-CASTF-001404,530,330,38.480346,-119.96994,7222.6,7.223,1
Duckwall_2024-CASTF-001025,585,306,37.950858,-120.097951,2784.0,2.784,1
Dump_2024-CASNF-001076,645,335,37.490848,-119.62433,11146.3,11.146,1
E-1_Logan_2024-CALNF-006082,276,306,40.62794,-120.935095,4496.5,4.496,1
E-1_Martin_2024-CALNF-003136,279,306,40.602019,-120.926485,1722.6,1.723,1
E-3_2024-CALNF-005586,266,296,40.691526,-121.07977,18123.7,18.124,1
Eagle_2024-CALMU-002928,285,320,40.581793,-120.747289,13763.0,13.763,1
Eagle_2024-CALNF-006194,271,319,40.700574,-120.798788,15198.7,15.199,1
Eagle_2024-CAPNF-000654,379,306,39.737214,-120.645065,7413.1,7.413,1
Eagle_2024-CATNF-000988,425,301,39.327795,-120.576058,2727.9,2.728,1
Elk_2024-CAKNF-005252,100,144,41.750578,-123.36475,43128.0,43.128,0
Ellis_2024-CAENF-024318,515,300,38.545485,-120.346679,12002.6,12.003,1
Ember_2024-CAANF-244124,990,357,34.52201,-118.590737,13950.1,13.95,1
Emma_2024-CAANF-240327,1006,402,34.469172,-118.074561,1597.7,1.598,1
Enchanted_2024-CASRF-000253,184,99,40.918329,-123.612173,11135.8,11.136,1
Engineer_1_2024-CASQF-001166,869,393,35.652926,-118.465117,5452.4,5.452,1
Engineer_2_2024-CASQF-001167,869,393,35.652926,-118.465117,5452.4,5.452,1
Engineer_4_2024-CASQF-001169,869,393,35.652926,-118.465117,5452.4,5.452,1
Evergreen_2024-CASTF-002534,602,326,37.845963,-119.831539,10466.4,10.466,1
Fallen_2024-CATMU-024996,480,335,38.925343,-120.043392,41031.6,41.032,0
Falls_2024-CABDF-013114,1072,501,34.071971,-116.882718,7429.9,7.43,1
Falls_2024-CACNF-000358,1196,497,32.970792,-116.69141,8435.1,8.435,1
Far_2024-CASKU-007796,193,267,41.25375,-121.632939,8971.3,8.971,1
Fern_2024-CABDF-013311,1100,510,33.841079,-116.733176,2889.0,2.889,1
Fern_2024-CAPNF-000244,358,301,39.90774,-120.760601,8961.4,8.961,1
Fern_2024-CASHF-000787,171,227,41.347768,-122.167074,3402.5,3.402,1
Fiddle_2024-CATNF-001348,390,279,39.58141,-120.922987,7875.7,7.876,1
Fir_2024-CASHF-000698,170,220,41.33946,-122.25186,5020.5,5.021,1
Fir_2024-CASNF-000725,706,369,37.029682,-119.100219,10015.0,10.015,1
Five_2024-CAANF-243304,978,348,34.609343,-118.713112,2912.6,2.913,1
Flat_2024-CALNF-004249,239,264,40.850461,-121.530014,20487.5,20.488,1
Flat_2024-CALPF-000089,988,327,34.479856,-118.916435,16158.3,16.158,1
Flat_2024-CASQF-000728,880,371,35.513114,-118.679751,3442.7,3.443,1
Flat_Camp_2024-CALPF-001612,937,279,34.827853,-119.544842,16142.8,16.143,1
Fleischmann_2024-CALNF-002561,295,271,40.383798,-121.284682,11638.3,11.638,1
Flume_2024-CASHF-000822,194,206,41.099459,-122.340251,5029.2,5.029,1
Fly_2024-CAMNF-000926,313,114,39.852649,-123.03061,5651.7,5.652,1
Fordyce_2024-CATNF-000990,422,304,39.360438,-120.550083,2723.4,2.723,1
Forebay_2024-CAENF-026969,477,290,38.852918,-120.560366,2237.1,2.237,1
Forebay_2024-CAENF-028748,482,285,38.798509,-120.603435,5531.3,5.531,1
Forgay_2024-CAPNF-001231,331,296,40.129959,-120.893807,8002.4,8.002,1
Fork_2024-CAANF-242484,1038,424,34.229876,-117.773121,8269.3,8.269,1
Fork_2024-CABDF-005677,1039,449,34.267824,-117.50367,6054.7,6.055,1
Fort_2024-CAKNF-005171,90,155,41.863934,-123.268927,44367.7,44.368,0
Fox_2024-CALPF-001870,944,277,34.762572,-119.550401,21706.3,21.706,1
Fox_2024-CAMDF-000950,201,314,41.293841,-121.060142,14537.4,14.537,1
Fraser_2024-CALPF-002400,867,222,35.317423,-120.322139,8870.0,8.87,1
French_2024-CAANF-242303,975,345,34.629657,-118.751803,5851.4,5.851,1
French_2024-CATNF-000762,445,313,39.181018,-120.385649,11308.4,11.308,1
Frenchman_2024-CAANF-244116,977,345,34.61214,-118.747462,3978.9,3.979,1
Frying_Pan_2024-CAKNF-008910,98,145,41.770206,-123.359659,43101.3,43.101,0
Gabriel_2024-CAANF-242668,1038,415,34.212877,-117.869338,3206.9,3.207,1
Garlic_2024-CASNF-000716,722,377,36.906324,-118.974173,16911.2,16.911,1
Gate_2024-CAANF-244178,1034,416,34.24992,-117.866833,4255.5,4.255,1
Gateway_2024-CASKU-008878,174,215,41.293007,-122.297706,8012.6,8.013,1
Genesee_2024-CAPNF-000194,371,330,39.859736,-120.392206,7462.3,7.462,1
George_2024-CAINF-002041,645,390,37.604802,-119.012313,3451.0,3.451,1
Gilmore_2024-CATMU-031223,482,328,38.892833,-120.117384,40510.5,40.511,0
Glade_2024-CAINF-001979,654,418,37.58285,-118.67894,31638.0,31.638,1
Glass_2024-CAINF-000547,629,395,37.75458,-118.994909,5725.3,5.725,1
Glass_2024-CAMDF-000275,160,291,41.594218,-121.451905,13176.5,13.176,1
Glen_2024-CATMU-030944,485,331,38.873289,-120.07557,43259.3,43.259,0
Goat_2024-CAPNF-000340,340,288,40.034047,-120.960283,4671.0,4.671,1
Goat_2024-CASNF-000908,645,335,37.490848,-119.62433,11146.3,11.146,1
Gold_2024-CAANF-241424,1018,376,34.313674,-118.327816,8081.6,8.082,1
Gold_2024-CAPNF-000300,385,305,39.683047,-120.63995,10027.9,10.028,1
Golden_2024-CASQF-002007,817,406,36.133772,-118.438467,21066.0,21.066,1
Goose_2024-CASTF-000999,562,320,38.180837,-120.00009,3337.7,3.338,1
Grade_2024-CACNF-001239,1208,496,32.863048,-116.679842,11388.2,11.388,1
Grade_2024-CAKNF-002952,97,150,41.791444,-123.304406,41690.8,41.691,0
Graffiti_2024-CACNF-001011,1215,512,32.829201,-116.498501,6808.0,6.808,1
Granlibakken_2024-CATMU-030319,452,332,39.161853,-120.151198,17548.8,17.549,1
Grass_2024-CASTF-000851,563,321,38.174297,-119.986324,4751.8,4.752,1
Grassy_1_2024-CASRF-000448,76,106,41.857667,-123.89001,3272.2,3.272,1
Grassy_Flat_2024-CASRF-000629,76,104,41.852465,-123.913425,3929.0,3.929,1
Grays_2024-CASRF-001014,193,106,40.859334,-123.502035,19365.4,19.365,1
Green_2024-CABDF-011293,1040,446,34.253456,-117.533763,5430.3,5.43,1
Green_2024-CASNF-001198,645,371,37.565836,-119.223919,18121.1,18.121,1
Grey_2024-CASHF-000904,187,198,41.140092,-122.455048,13670.7,13.671,1
Grey_2024-CASNF-001571,655,340,37.414267,-119.544243,15863.5,15.864,1
Grider_2024-CAKNF-003315,96,143,41.782204,-123.389702,40441.6,40.442,0
Grider_2024-CAKNF-005709,101,157,41.774971,-123.209222,34134.9,34.135,0
Griffin_2024-CASRF-000861,71,119,41.933989,-123.754615,15252.4,15.252,1
Grizzly_2024-CASNF-001681,655,350,37.435158,-119.433184,20731.2,20.731,1
Grizzly_2024-CASTF-001646,569,350,38.183899,-119.645953,33671.7,33.672,0
Grove_2024-CASNF-001698,712,380,36.999723,-118.964479,19074.0,19.074,1
Gulch-Ref_3101_2024-CAANF-243107,988,360,34.545451,-118.56287,15227.2,15.227,1
Gulch_2024-CAANF-243101,988,360,34.545451,-118.56287,15227.2,15.227,1
Gypsum_2024-CABDF-016290,1071,504,34.086149,-116.852582,6498.3,6.498,1
H-2_Busters_2024-CALNF-005584,252,294,40.807805,-121.143647,21126.0,21.126,1
Hackamore_2024-CAMDF-000669,172,313,41.541777,-121.157769,14481.4,14.481,1
Haight_2024-CAKNF-005992,147,239,41.582847,-122.101403,13082.1,13.082,1
Hall_2024-CABDF-009898,1043,455,34.243742,-117.431457,6391.8,6.392,1
Hall_2024-CAKNF-004218,103,188,41.835542,-122.839209,24173.8,24.174,1
Halls_2024-CAMDF-000389,199,314,41.311103,-121.066035,12539.8,12.54,1
Hambone_2024-CASKU-008314,191,266,41.26862,-121.650654,6795.2,6.795,1
Happy_2024-CASQF-001285,733,396,36.848576,-118.738866,29887.1,29.887,1
Hard_2024-CAANF-241934,967,343,34.695732,-118.790675,7810.2,7.81,1
Harding_2024-CATNF-001046,399,330,39.617101,-120.315984,19972.7,19.973,1
Harris_2024-CAMDF-000518,197,325,41.353495,-120.943232,8691.2,8.691,1
Hartley_2024-CAINF-001179,625,391,37.781302,-119.049199,3799.2,3.799,1
Hathaway_2024-CAANF-243176,1017,375,34.320504,-118.340616,7365.7,7.366,1
Hawk_2024-CAPNF-000410,374,308,39.784956,-120.635989,2295.2,2.295,1
Hawkins_2024-CASRF-000904,189,102,40.8833,-123.561225,14342.4,14.342,1
Haypress_2024-CASTF-001351,553,344,38.310354,-119.75371,26815.2,26.815,1
Hazel_2024-CABDF-012873,1038,447,34.272907,-117.527082,7084.3,7.084,1
Headwaters_2024-CASTF-001965,580,324,38.032981,-119.909438,19578.4,19.578,1
Heather_2024-CASNF-001017,691,396,37.215469,-118.836622,35476.2,35.476,0
Heel_2024-CASHF-001031,219,219,40.916042,-122.112295,12120.1,12.12,1
Hennessy_2024-CASRF-000447,203,92,40.738156,-123.631106,17634.8,17.635,1
Hennessy_2_2024-CASRF-000592,195,103,40.834599,-123.53019,17573.2,17.573,1
Highway_2024-CACNF-001204,1108,444,33.651305,-117.420018,9038.8,9.039,1
Highway_2024-CAINF-001777,635,398,37.708342,-118.94704,10914.9,10.915,1
Highway_2024-CAKNF-003856,137,246,41.685589,-122.050512,17554.4,17.554,1
Highway_2024-CALPF-002498,958,239,34.560794,-119.925607,6110.4,6.11,1
Highway_2024-CASHF-000549,213,197,40.914477,-122.385812,4893.1,4.893,1
Hill_2024-CANEU-017006,404,254,39.403585,-121.168619,1731.2,1.731,1
Hill_2024-CASRF-000586,200,92,40.763774,-123.640856,14728.1,14.728,1
Hill_2024-CATNF-001473,427,342,39.400483,-120.103848,9671.4,9.671,1
Hillcrest_2024-CABDF-012201,1063,517,34.179818,-116.728896,2176.6,2.177,1
Hobart_2024-CATNF-001416,422,336,39.430805,-120.185588,13235.8,13.236,1
Hobo_2024-CASQF-000345,876,385,35.575868,-118.536629,14468.0,14.468,1
Honn_2024-CALNF-001473,251,266,40.751701,-121.471262,19364.6,19.365,1
Hopkins_2024-CASRF-000293,148,105,41.241051,-123.660799,7224.0,7.224,1
Horse_2024-CAANF-242667,1040,422,34.208527,-117.790432,6058.1,6.058,1
Horse_2024-CAKNF-006775,89,174,41.920387,-123.049225,39232.3,39.232,0
Horse_2024-CAMDF-000500,144,306,41.767023,-121.324054,15573.9,15.574,1
Horse_2024-CAMNF-001382,375,104,39.29629,-122.954587,15815.3,15.815,1
Horse_2024-CASHF-000582,264,108,40.257272,-123.252037,13758.7,13.759,1
Horse_2024-CASRF-000317,177,100,40.980662,-123.623476,14882.2,14.882,1
Horseshoe_2024-CAINF-001995,783,440,36.497891,-118.141066,8748.8,8.749,1
Hotlum_2024-CASHF-000139,154,228,41.496207,-122.208311,13793.8,13.794,1
Hughes_2_2024-CAANF-243305,990,357,34.52201,-118.590737,13950.1,13.95,1
Hulburd_2024-CACNF-002587,1208,501,32.871832,-116.627163,8462.0,8.462,1
Hull_2024-CAMNF-001169,354,112,39.496193,-122.927708,14563.2,14.563,1
Hume_2024-CASQF-001379,736,381,36.792171,-118.897371,14830.1,14.83,1
Hunters2_2024-CAMDF-000808,208,332,41.274386,-120.829193,9966.0,9.966,1
Hunters_2024-CAMDF-000718,208,331,41.27212,-120.840885,10175.8,10.176,1
I_15__S__Cleghorn_Rd_2024-CABDU-014682,1036,454,34.303482,-117.456163,10190.8,10.191,1
Ice_2024-CAENF-015964,483,309,38.842753,-120.329637,22001.2,22.001,1
Ice_2024-CAENF-020980,480,305,38.859996,-120.382817,17450.6,17.451,1
Ikes_2024-CASRF-000549,135,123,41.39813,-123.494396,28644.1,28.644,1
Indian_2024-CAANF-242599,1005,382,34.439378,-118.290967,6810.1,6.81,1
Industrial_2024-CATMU-015789,483,337,38.903613,-120.012899,43536.2,43.536,0
Interstate_2024-CAANF-243338,983,349,34.567527,-118.691572,3329.2,3.329,1
Interstate_2024-CACNF-002439,1211,498,32.840064,-116.653264,12497.5,12.498,1
Interstate_2024-CASHF-001074,187,212,41.174109,-122.292207,5303.2,5.303,1
Iowa_2024-CATNF-001295,445,278,39.103318,-120.782727,9717.8,9.718,1
Iron_2024-CASNF-000942,632,324,37.580753,-119.778805,6713.5,6.713,1
Ironwood_2024-CABDF-012667,1065,519,34.165724,-116.70367,2901.4,2.901,1
Italian_2024-CASNF-001114,689,346,37.130547,-119.395187,7303.1,7.303,1
Jack_2024-CAKNF-008927,96,143,41.782204,-123.389702,40441.6,40.442,0
Jackson_2024-CAANF-241547,1022,432,34.385566,-117.720087,3322.2,3.322,1
Jackson_2024-CAKNF-005648,163,165,41.264539,-122.914736,37233.8,37.234,0
Japatul_2024-CACNF-002835,1214,503,32.822329,-116.595112,9907.2,9.907,1
Jeffery_2024-CAINF-002015,661,420,37.525708,-118.640234,36634.6,36.635,0
Jones_2024-CAHUU-007537,280,110,40.125333,-123.178874,29418.4,29.418,1
Jora_2024-CAANF-243511,990,357,34.52201,-118.590737,13950.1,13.95,1
Jordan_2024-CASTF-001053,604,303,37.77931,-120.083028,4798.0,4.798,1
Joshua_2024-CAANF-243099,1004,406,34.494393,-118.035841,4290.0,4.29,1
Junction_2024-CAINF-001506,622,392,37.809512,-119.045262,6944.5,6.944,1
June_2024-CAINF-001029,624,389,37.78593,-119.073947,4411.3,4.411,1
Kagel_2024-CAANF-242295,1017,372,34.314666,-118.372701,5995.0,5.995,1
Kaiser_2024-CASNF-001496,671,370,37.337065,-119.172465,14387.9,14.388,1
Kangaroo_2024-CAKNF-009316,159,186,41.350824,-122.682932,19293.1,19.293,1
Kellogg_2024-CAMDF-000377,136,353,41.943898,-120.793901,13918.3,13.918,1
Kelly_2024-CAKNF-006047,79,137,41.91205,-123.516619,30818.7,30.819,1
Kelsey_2024-CASRF-000523,101,106,41.644569,-123.80563,21733.7,21.734,1
Kinevan_2024-CALPF-001022,966,247,34.507849,-119.821669,10441.3,10.441,1
Kings_2024-CASNF-000919,705,385,37.070979,-118.925612,25050.2,25.05,1
Kitchen_2024-CACNF-001184,1228,512,32.7143,-116.474929,9948.8,9.949,1
Knob_2024-CAINF-000901,640,394,37.656577,-118.979695,5461.3,5.461,1
Knob_2024-CASQF-001233,837,405,35.956712,-118.404999,15136.3,15.136,1
L-2_Carter_2024-CALNF-004138,309,256,40.22833,-121.41679,11172.1,11.172,1
L1Buzzard_2024-CALNF-003550,294,263,40.373939,-121.379808,12387.1,12.387,1
Lac_-_Soledad_2024-CAANF-243141,1006,388,34.442222,-118.224588,11321.6,11.322,1
Lac_Bert_2024-CAANF-242764,1010,421,34.470258,-117.862576,19224.8,19.225,1
Ladybug_2024-CAANF-243459,1028,394,34.260671,-118.114441,6588.8,6.589,1
Ladybug_2024-CATNF-000976,421,345,39.45905,-120.085626,4180.6,4.181,1
Lake_2024-CABDF-001298,1122,510,33.646975,-116.691627,10414.8,10.415,1
Lake_2024-CALPF-001542,931,233,34.783529,-120.052443,2876.1,2.876,1
Lake_2024-CASRF-001056,258,102,40.293489,-123.33975,6221.4,6.221,1
Lake_2024-CASTF-000674,560,322,38.202513,-119.982786,4355.0,4.355,1
Landing_2024-CATNF-000745,380,327,39.775147,-120.401973,3025.7,3.026,1
Lava_2024-CASHF-000905,180,270,41.372745,-121.637249,10399.2,10.399,1
Leaf_2024-CATMU-011294,481,334,38.9145,-120.052095,42251.3,42.251,0
Lemon_2024-CATNF-001043,404,333,39.580336,-120.268194,23077.8,23.078,1
Liberty_2024-CASTF-001974,539,316,38.371998,-120.104144,5564.4,5.564,1
Lightning_2024-CACNF-001050,1209,518,32.892655,-116.446173,2367.6,2.368,1
Lights_2024-CAPNF-000857,316,313,40.297979,-120.740413,11878.7,11.879,1
Lime_2024-CAKNF-004659,103,199,41.862816,-122.710066,14524.1,14.524,1
Linda_2024-CAMMU-025337,675,338,37.235872,-119.517639,913.6,0.914,1
Line_2024-CABDF-012520,1062,477,34.116803,-117.158614,9732.4,9.732,1
Lion_2024-CASNF-000946,645,380,37.584346,-119.123708,9405.9,9.406,1
Lisa_2024-CAANF-242066,991,356,34.511274,-118.599308,13956.5,13.956,1
Little_2024-CAANF-241849,1019,375,34.302957,-118.336406,9277.5,9.278,1
Little_2024-CAKNF-003131,90,143,41.833451,-123.40961,38350.1,38.35,0
Little_2024-CALAC-211628,1018,374,34.309786,-118.349205,7974.3,7.974,1
Little_2024-CAPNF-001091,362,256,39.770937,-121.264439,18452.9,18.453,1
Log_2024-CASHF-000146,153,226,41.499962,-122.234824,11570.8,11.571,1
Logging_Fire_2024-CAMDF-001049,235,308,40.98661,-121.030506,2412.4,2.412,1
Lone_2024-CABDF-009497,1040,453,34.266439,-117.458857,6970.6,6.971,1
Long_2024-CABDF-014560,1045,452,34.220597,-117.459554,3864.4,3.864,1
Long_2024-CACNF-002802,1109,443,33.640657,-117.428678,9045.7,9.046,1
Long_2024-CASHF-001059,203,164,40.919376,-122.799334,26933.1,26.933,1
Long_2024-CASQF-001281,855,422,35.832193,-118.180046,20696.1,20.696,1
Lookout_2024-CAINF-001757,626,398,37.786864,-118.968609,9019.2,9.019,1
Loon_2024-CAENF-018656,468,313,38.981602,-120.324204,24301.8,24.302,1
Loon_2024-CAENF-025020,467,313,38.990274,-120.326864,23419.3,23.419,1
Loop_2024-CAINF-000654,636,394,37.691474,-118.989275,7736.9,7.737,1
Lower_2024-CAENF-013979,520,308,38.519575,-120.243516,16977.0,16.977,1
Lower_2024-CASNF-000705,690,362,37.154905,-119.2157,7387.6,7.388,1
Lukens_2024-CAANF-241820,1029,387,34.238425,-118.187186,5738.6,5.739,1
Lunch_2024-CATNF-001045,394,315,39.627345,-120.500976,12958.0,12.958,1
Luther_2024-CATMU-022161,495,335,38.795102,-120.004214,34622.2,34.622,0
Lyons_2024-CACNF-002195,1221,494,32.744696,-116.677031,9393.3,9.393,1
Lyons_2024-CAENF-023259,486,321,38.842918,-120.18605,34368.8,34.369,0
Lyons_2024-CASTF-000827,564,308,38.137588,-120.129408,10608.9,10.609,1
Lytle_2024-CABDF-008512,1036,446,34.28864,-117.541807,9242.8,9.243,1
Mace_2024-CAAEU-021087,484,284,38.778962,-120.609361,7764.3,7.764,1
Mad_Rock_2024-CASRF-000359,236,92,40.456238,-123.524588,11761.7,11.762,1
Maddalena_2024-CAPNF-000657,378,335,39.810088,-120.315788,11197.9,11.198,1
Madrone_2024-CATNF-000478,397,258,39.473204,-121.142734,7267.6,7.268,1
Main_2024-CATNF-001408,391,321,39.666605,-120.440596,11435.8,11.436,1
Manzanita_2024-CAANF-242218,1025,442,34.377924,-117.60685,5279.1,5.279,1
Manzanita_2024-CAINF-001157,813,420,36.196236,-118.294118,20076.3,20.076,1
Maple_2024-CAANF-243443,1025,386,34.271608,-118.206217,2829.3,2.829,1
Marina_2024-CASQF-001396,869,391,35.64899,-118.48686,7236.0,7.236,1
Maxon_2024-CASNF-000940,708,394,37.062967,-118.819004,33306.0,33.306,0
Mcculloh_2024-CAENF-021466,468,294,38.939761,-120.539282,11120.9,11.121,1
Mckenzie_2024-CASHF-001018,207,223,41.02879,-122.102605,5035.1,5.035,1
Mckinstry_2024-CAENF-019734,459,315,39.064029,-120.325508,18231.5,18.232,1
Mclain_2024-CATNF-000486,397,259,39.475486,-121.131349,8100.0,8.1,1
Mcleod_2024-CAINF-000910,644,388,37.609443,-119.036993,2393.7,2.394,1
Mcnair_2024-CAPNF-000934,387,317,39.692404,-120.497263,9911.4,9.911,1
Meadow_2024-CAENF-019852,518,331,38.586736,-119.98966,12328.2,12.328,1
Meadow_2024-CAKNF-001865,94,144,41.801833,-123.384619,40586.0,40.586,0
Meadow_2024-CAPNF-000360,348,277,39.939911,-121.063827,6665.2,6.665,1
Meadow_2024-CASTF-002049,534,321,38.426221,-120.060869,6815.4,6.815,1
Meadow_2024-CATNF-001058,416,311,39.427918,-120.486678,10750.2,10.75,1
Merrill_2024-CATNF-001451,414,346,39.521952,-120.09289,7210.2,7.21,1
Mesa_2024-CABDF-004531,1033,452,34.326169,-117.483597,12599.9,12.6,1
Meyers_2024-CABDF-007436,1046,453,34.213648,-117.44686,4816.7,4.817,1
Middle_2024-CAPNF-000738,335,315,40.138102,-120.664049,22952.1,22.952,1
Midnight_2024-CAKNF-008589,94,160,41.842388,-123.197094,38430.0,38.43,0
Mike_2024-CALPF-002094,949,327,34.821186,-119.002104,1463.1,1.463,1
Milcha_2024-CACNF-002764,1208,494,32.859526,-116.700911,12920.0,12.92,1
Milford_2024-CAPNF-000276,358,331,39.974558,-120.416389,16842.6,16.843,1
Mill_2024-CABDF-007176,1054,500,34.22883,-116.928193,3165.8,3.166,1
Mill_2024-CALPF-000981,942,311,34.849967,-119.189681,2639.0,2.639,1
Mill_2024-CAPNF-000832,381,316,39.74215,-120.52515,8042.4,8.042,1
Mill_2024-CATNF-000939,401,265,39.454577,-121.05185,3624.0,3.624,1
Miller_2024-CAMDF-000945,198,318,41.328888,-121.022198,12426.9,12.427,1
Mine_2024-CAPNF-001477,328,294,40.151364,-120.92529,10221.8,10.222,1
Mine_2024-CASNF-000951,633,322,37.567808,-119.79856,6732.2,6.732,1
Miners_2024-CACNF-002617,1209,500,32.861243,-116.635865,9787.8,9.788,1
Mission_2024-CAMMU-024236,676,341,37.233426,-119.481976,2851.1,2.851,1
Mnf1_2024-CALNU-019072,375,104,39.29629,-122.954587,15815.3,15.815,1
Modin_2024-CASHF-001020,215,225,40.964809,-122.054902,4909.4,4.909,1
Mohawk_2024-CAPNF-000665,375,308,39.7763,-120.633226,2983.5,2.983,1
Monkey_2024-CAANF-242139,1023,392,34.300725,-118.146224,8979.6,8.98,1
Moon_2024-CAANF-242974,1031,419,34.281959,-117.840885,8434.7,8.435,1
Moon_2024-CALNF-000997,241,274,40.85652,-121.408046,28472.8,28.473,1
Moonshine_2024-CATNF-000243,406,260,39.399986,-121.094782,5555.7,5.556,1
Moore_2024-CASTF-001052,601,305,37.809687,-120.068352,7064.7,7.065,1
Morris_2024-CAANF-242830,1040,416,34.197194,-117.854562,5274.0,5.274,1
Morris_2024-CALAC-271876,1041,414,34.18462,-117.87389,5083.4,5.083,1
Morris_2024-CASHF-000448,194,153,40.969182,-122.955208,28146.9,28.147,1
Mosquito_2024-CAAEU-022315,478,277,38.815362,-120.704519,3826.2,3.826,1
Mosquito_2024-CATNF-000771,455,283,39.027924,-120.698874,9730.3,9.73,1
Motor_2024-CAANF-243087,972,345,34.655931,-118.758321,8766.4,8.766,1
Mount_2024-CALPF-002316,950,331,34.820498,-118.956892,3923.0,3.923,1
Mountain_2024-CATNF-000760,401,268,39.46139,-121.017696,3350.4,3.35,1
Mouse_2024-CAKNF-006814,148,144,41.340301,-123.207456,39273.8,39.274,0
Mp_243-16_Pinc_2024-CARRU-197199,1101,504,33.82161,-116.795213,3483.7,3.484,1
Mud_2024-CAMDF-000496,138,312,41.832661,-121.27155,22850.5,22.85,1
Mumbo_2024-CASHF-000581,184,185,41.134018,-122.61556,26928.0,26.928,1
Muse_2024-CAKNF-006808,123,158,41.589367,-123.125507,20458.4,20.458,1
Myrtle_2024-CASRF-000727,77,92,41.812639,-124.050438,12893.2,12.893,1
Mystery_2024-CASNF-000889,692,373,37.160022,-119.089133,14815.4,14.815,1
N_Hwy_138___Old_Mill_Rd_2024-CABDU-010726,1044,468,34.258866,-117.290344,3279.4,3.279,1
Non_Reportable_2024-CAANF-241146,988,379,34.582666,-118.359087,8315.5,8.315,1
North_2024-CAPNF-001479,328,293,40.149098,-120.93679,10099.2,10.099,1
North_2024-CASTF-001411,521,331,38.560677,-119.981903,10182.2,10.182,1
North_2024-CATNF-001110,422,319,39.393575,-120.379304,14623.0,14.623,1
Northern_2024-CAMDF-000879,164,311,41.606168,-121.205131,8201.8,8.202,1
Nose_2024-CASRF-000338,182,99,40.935407,-123.618701,11631.5,11.631,1
Nutmeg_2024-CASNF-000953,626,318,37.620194,-119.860523,8673.7,8.674,1
O_Brien_2024-CASHF-000939,227,198,40.796679,-122.331035,14477.1,14.477,1
Oak_2024-CAANF-240330,992,372,34.533929,-118.425664,11932.4,11.932,1
Oak_2024-CALPF-002314,989,329,34.475111,-118.892841,17279.8,17.28,1
Oaks_2024-CABDF-016085,1032,454,34.338672,-117.464183,13265.5,13.265,1
Old_2024-CABTU-006472,389,248,39.519409,-121.27913,1876.2,1.876,1
Old_2024-CASRF-000385,137,123,41.381049,-123.487815,27311.9,27.312,1
Olga_2024-CAANF-243956,991,363,34.525057,-118.524284,16165.5,16.165,1
Onion_2024-CATNF-001280,436,316,39.26563,-120.375734,16071.5,16.071,1
Oregon_2024-CAPNF-001514,394,252,39.485401,-121.219475,7249.6,7.25,1
Oregon_2024-CASHU-007131,218,145,40.743708,-122.971684,2904.7,2.905,1
Orosco_2024-CACNF-001338,1177,485,33.117286,-116.853397,6272.3,6.272,1
Osborne_2024-CASTF-001964,531,324,38.458746,-120.034877,3539.2,3.539,1
Overlook_2024-CAANF-242134,1024,389,34.286171,-118.176225,5858.3,5.858,1
Overlook_2024-CACNF-001752,1209,518,32.892655,-116.446173,2367.6,2.368,1
Owens_River_2024-CAINF-001553,632,397,37.732482,-118.965385,8494.2,8.494,1
Owl_2024-CASNF-000945,676,346,37.243846,-119.426581,7850.0,7.85,1
Owl_2024-CASRF-000935,144,114,41.298274,-123.569446,15926.5,15.927,1
Packsaddle_2024-CASQF-001250,840,402,35.924553,-118.431099,15039.2,15.039,1
Paddle_2024-CASRF-000778,73,118,41.914351,-123.75958,13376.5,13.377,1
Palen_2024-CATNF-000883,395,333,39.658355,-120.292522,17542.0,17.542,1
Paloma_2024-CAANF-244637,1023,385,34.287232,-118.221086,2495.4,2.495,1
Pancake_2024-CAPNF-000473,374,278,39.717483,-120.979113,2305.9,2.306,1
Panoramic_2024-CABDF-001975,1113,509,33.724621,-116.719228,2915.1,2.915,1
Park_Creek_Rd___Sly_Park_Rd_2024-CAAEU-009199,488,288,38.753167,-120.553509,10788.2,10.788,1
Pass_2024-CASQF-001363,749,388,36.692705,-118.790139,21380.9,21.381,1
Patricks_2024-CASRF-000944,69,113,41.9355,-123.831736,12324.5,12.324,1
Patterson_2024-CAMDF-000408,229,381,41.202013,-120.195986,30946.2,30.946,1
Patterson_2024-CATNF-001415,436,316,39.26563,-120.375734,16071.5,16.071,1
Peak_2024-CASTF-002313,556,327,38.248,-119.936932,10014.8,10.015,1
Pearl_2024-CAENF-019645,479,317,38.894939,-120.249755,29281.3,29.281,1
Peavine_2024-CAENF-030576,485,298,38.80125,-120.448615,12853.3,12.853,1
Pecks_2024-CAPNF-001478,328,292,40.146831,-120.948289,10074.8,10.075,1
Pelona_2024-CAANF-243346,992,370,34.530017,-118.447107,12636.6,12.637,1
Pencil_2024-CAMDF-000481,157,372,41.805184,-120.507939,14951.3,14.951,1
Pendola_2024-CATNF-000345,398,262,39.473682,-121.094391,7417.9,7.418,1
Perdew_2024-CABDF-014445,1039,454,34.277088,-117.450156,8384.7,8.385,1
Perkins_2024-CASNF-000978,689,374,37.188242,-119.085178,14007.5,14.008,1
Phipps_2024-CAENF-019712,474,326,38.957919,-120.16108,36686.6,36.687,0
Phipps_2024-CATMU-019712,473,328,38.970941,-120.141062,36937.0,36.937,0
Picket_2024-CAENF-026879,483,314,38.85369,-120.27311,26857.4,26.857,1
Pickett_2024-CASRF-000557,251,99,40.345776,-123.396359,2776.6,2.777,1
Picnic_2024-CACNF-002561,1212,521,32.871338,-116.409115,2592.3,2.592,1
Piedras_2024-CALPF-001480,975,308,34.555268,-119.148481,10860.7,10.861,1
Pine_2024-CALPF-002058,946,320,34.833275,-119.084009,5228.6,5.229,1
Pine_2024-CATNF-000921,420,273,39.308399,-120.908102,8508.7,8.509,1
Pinecrest_2024-CASTF-000673,561,322,38.193823,-119.980228,4553.0,4.553,1
Pines_2024-CAANF-242216,1021,431,34.392475,-117.73284,4621.9,4.622,1
Pinewood_2024-CABDF-007893,1103,508,33.81107,-116.748799,1705.3,1.705,1
Pipe_2024-CAANF-242836,1023,387,34.291093,-118.199699,4181.6,4.182,1
Pipeline_2024-CASHF-000628,249,116,40.405758,-123.207628,14606.1,14.606,1
Pipi_2024-CAENF-018817,511,294,38.567015,-120.424769,7412.3,7.412,1
Pit_2024-CALPF-002505,942,316,34.860141,-119.135921,2305.5,2.306,1
Pitman_2024-CABDF-009013,1041,454,34.259491,-117.446155,7094.5,7.095,1
Piute_2024-CASTF-002034,568,336,38.162912,-119.805464,20163.0,20.163,1
Plantation_2024-CAMDF-000415,156,386,41.845001,-120.345632,4898.5,4.898,1
Plenty_2024-CAANF-242169,997,363,34.472459,-118.511464,15995.7,15.996,1
Point_2024-CAMDF-000395,140,304,41.796846,-121.359699,19466.2,19.466,1
Point_2024-CASHU-006836,221,261,40.998513,-121.61857,18776.7,18.777,1
Point_2024-CASQF-001303,870,393,35.644169,-118.462917,6033.1,6.033,1
Poison_2024-CALNF-005125,268,283,40.644438,-121.22451,14106.4,14.106,1
Poison_2024-CASNF-001054,682,387,37.275822,-118.957639,25481.8,25.482,1
Poison_2024-CASQF-001232,837,403,35.952784,-118.426829,17075.7,17.076,1
Poker_2024-CAKNF-006795,75,138,41.948753,-123.518272,32102.4,32.102,0
Porka_2024-CASTF-001365,552,347,38.325419,-119.72254,29356.2,29.356,1
Portal_2024-CAANF-242662,976,375,34.680082,-118.42759,467.0,0.467,1
Portal_2024-CAINF-002022,790,430,36.417152,-118.235443,20838.8,20.839,1
Portuguese_2024-CAKNF-006636,91,157,41.86045,-123.242167,42498.2,42.498,0
Poso_2024-CATUU-000791,849,381,35.80428,-118.640002,7847.1,7.847,1
Post_2024-CASHF-000586,248,118,40.419339,-123.18782,16770.9,16.771,1
Power_2024-CAMMU-023174,685,341,37.155006,-119.460171,9534.6,9.535,1
Power_2024-CASNF-001545,722,361,36.873691,-119.150748,8359.4,8.359,1
Power_2024-CASQF-001097,883,363,35.470919,-118.759852,4067.2,4.067,1
Powerhouse_2024-CAANF-242656,985,371,34.593349,-118.451309,6212.8,6.213,1
Propane_2024-CASQF-001598,898,399,35.410643,-118.336599,17857.7,17.858,1
Prospect_2024-CAPNF-000095,387,305,39.665733,-120.634441,8137.3,8.137,1
Prospect_2024-CASHF-001019,206,224,41.039784,-122.094053,3621.2,3.621,1
Prosser_2024-CATNF-000497,426,338,39.400465,-120.152101,12437.8,12.438,1
Provo_2024-CASTF-000370,577,298,38.003027,-120.207854,2637.9,2.638,1
Punch_2024-CASNF-000934,704,394,37.097904,-118.828344,34010.2,34.01,0
Quartz_2024-CASNF-001057,645,352,37.526447,-119.435333,26809.2,26.809,1
Rail_2024-CAPNF-000256,378,333,39.805692,-120.338704,9235.3,9.235,1
Rainbow_2024-CASHF-000869,249,114,40.400732,-123.230591,12648.6,12.649,1
Ramp_2024-CATNF-000446,427,341,39.398311,-120.115245,10432.3,10.432,1
Ramparts_2024-CATMU-021980,451,329,39.164001,-120.187925,19295.7,19.296,1
Ranch_2024-CATNF-001414,391,320,39.664395,-120.452028,11735.7,11.736,1
Rancheria_2024-CACNF-002722,1213,520,32.860767,-116.417844,2463.7,2.464,1
Range_2024-CAANF-243749,1035,419,34.246808,-117.832706,6753.9,6.754,1
Rattlesnake_2024-CASTF-001325,540,313,38.356823,-120.135259,6944.8,6.945,1
Raymond_2024-CASNF-001072,645,335,37.490848,-119.62433,11146.3,11.146,1
Raywood_2024-CABDF-012213,1076,508,34.049196,-116.800246,1806.2,1.806,1
Red_2024-CASHF-000767,173,229,41.3354,-122.137534,4863.6,4.864,1
Red_2024-CATNF-000906,439,318,39.244017,-120.344941,17842.0,17.842,1
Red_2024-CATNF-001349,451,301,39.102555,-120.505699,4625.6,4.626,1
Redgrove_2024-CASQF-001170,820,389,36.073911,-118.617631,24885.0,24.885,1
Redinger_2024-CASNF-001840,682,345,37.189477,-119.423145,9171.2,9.171,1
Redonda_2024-CABDF-015968,1042,492,34.320154,-117.037249,13272.3,13.272,1
Redwood_2024-CASRF-000862,77,92,41.812639,-124.050438,12893.2,12.893,1
Reeves_2024-CAKNF-006815,88,177,41.936466,-123.017263,37731.3,37.731,0
Refugio_2024-CALPF-002117,961,225,34.504942,-120.068411,3793.8,3.794,1
Remann_2024-CALNF-005700,260,266,40.674112,-121.44471,10573.0,10.573,1
Reservoir_2024-CAANF-243574,1041,413,34.182726,-117.884575,4852.3,4.852,1
Resort_2024-CACNF-002865,1143,490,33.426202,-116.864404,7550.7,7.551,1
Rest_2024-CAINF-001411,641,395,37.649888,-118.966153,6217.8,6.218,1
Rest_2024-CALNF-005560,277,292,40.587399,-121.094252,15411.5,15.411,1
Reynolds_2024-CASRF-000287,132,123,41.42375,-123.504277,30778.3,30.778,1
Ridge_2024-CABDF-010876,1098,502,33.84451,-116.822236,310.8,0.311,1
Ridge_2024-CANEU-030573,455,280,39.021225,-120.732844,6778.6,6.779,1
Ridge_2_2024-CASRF-000580,194,104,40.845693,-123.521888,17956.4,17.956,1
Rim_2024-CABDF-000408,1047,466,34.228791,-117.305802,1166.6,1.167,1
River_2024-CAANF-242928,1039,415,34.204089,-117.867293,3860.3,3.86,1
River_2024-CASHF-000226,215,197,40.897305,-122.379626,5768.4,5.768,1
River_Park_2024-CAKNF-009213,95,145,41.795834,-123.369591,41884.7,41.885,0
Road_2024-CAANF-243400,1024,386,34.280386,-118.208304,2903.6,2.904,1
Rock_2024-CABDF-009734,1041,476,34.299908,-117.210623,7807.4,7.807,1
Rock_2024-CALPF-002208,963,249,34.538234,-119.807137,14008.5,14.009,1
Rock_2024-CAMDF-000170,215,388,41.338635,-120.153511,39559.9,39.56,0
Rock_2024-CASHF-000761,217,160,40.789493,-122.801566,16083.3,16.083,1
Rock_2024-CASNF-000717,717,372,36.939804,-119.041119,12181.1,12.181,1
Rock_2024-CASRF-000607,136,134,41.417587,-123.363024,36905.4,36.905,0
Rocky_2024-CATNF-001017,427,346,39.409156,-120.058254,7234.9,7.235,1
Rodeo_2024-CASQF-001344,833,426,36.032726,-118.184433,6382.5,6.382,1
Rodgers_2024-CASNF-001798,720,372,36.913617,-119.034065,13705.0,13.705,1
Root_2024-CASHF-001002,174,206,41.271151,-122.402588,9612.6,9.613,1
Rosa_2024-CABDF-017160,1100,511,33.84285,-116.722518,3797.5,3.797,1
Round_2024-CABDF-007414,1108,512,33.77404,-116.696731,3350.8,3.351,1
Round_2024-CAPNF-000719,332,290,40.107725,-120.959947,6476.6,6.477,1
Royal_2024-CATNF-000855,438,312,39.239491,-120.415821,13252.4,13.252,1
Rru_Cove_2024-CABDF-014860,1106,508,33.784606,-116.743113,2418.2,2.418,1
Rru_Howard_2024-CABDF-008044,1130,507,33.57108,-116.708472,11457.9,11.458,1
Rubbish_2024-CAANF-240976,1038,424,34.229876,-117.773121,8269.3,8.269,1
Ruby_2024-CAANF-242657,985,370,34.59139,-118.462039,6946.2,6.946,1
Rucker_2024-CATNF-000985,420,296,39.359971,-120.646568,9458.3,9.458,1
Ruffey_2024-CAKNF-005725,147,166,41.404029,-122.954423,22341.7,22.342,1
Runner_2024-CAANF-242659,985,371,34.593349,-118.451309,6212.8,6.213,1
Runner_2_2024-CAANF-243959,985,370,34.59139,-118.462039,6946.2,6.946,1
Saddle_2024-CAPNF-001253,379,282,39.683309,-120.919419,5404.6,5.405,1
Salt_2024-CAENF-017809,523,310,38.497892,-120.213172,13967.5,13.967,1
Sand_2024-CATNF-000885,425,318,39.365374,-120.382598,13385.0,13.385,1
Sanhedrin_2024-CAMNF-001449,357,106,39.455608,-122.986612,11633.1,11.633,1
Sardine_2024-CASTF-001400,553,341,38.303976,-119.787409,24019.2,24.019,1
Scenic_2024-CAINF-000736,638,393,37.671988,-118.995636,5612.4,5.612,1
Scotland_2024-CABDF-012756,1043,449,34.232635,-117.495648,2172.1,2.172,1
Scott_2024-CABDF-014959,1043,450,34.234489,-117.48495,2728.9,2.729,1
Seeley_2024-CABDF-015160,1044,468,34.258866,-117.290344,3279.4,3.279,1
Seiad_2024-CAKNF-007154,93,163,41.858507,-123.1652,38052.5,38.053,0
Sepulveda_2024-CABDF-009699,1052,467,34.186609,-117.285206,3209.7,3.21,1
Shake_2024-CAMDF-000947,195,327,41.375319,-120.925688,7331.3,7.331,1
Shanty_2024-CASRF-000614,246,92,40.370767,-123.492574,11263.3,11.263,1
Sheep_2024-CABDF-011109,1037,454,34.294684,-117.45416,9530.0,9.53,1
Sheep_2024-CASHF-000789,215,182,40.860748,-122.55335,10818.2,10.818,1
Sheephead_2024-CACNF-001245,1221,513,32.777911,-116.477081,8238.6,8.239,1
Sheering_2024-CASTF-001060,577,317,38.044051,-119.995382,13609.5,13.609,1
Shell_2024-CASQF-001024,747,385,36.704147,-118.827795,17939.6,17.94,1
Shelley_2024-CATMU-030116,479,333,38.9297,-120.06866,40607.5,40.608,0
Shelly_2024-CAKNF-005159,138,159,41.463554,-123.065103,21296.4,21.296,1
Sherwin_2024-CAINF-001851,643,395,37.632437,-118.961373,6296.4,6.296,1
Shinn_2024-CASNF-000977,689,388,37.216748,-118.930021,27230.2,27.23,1
Shoe_2024-CASHF-000996,218,220,40.927037,-122.103754,10735.0,10.735,1
Shore_2024-CATNF-001163,427,342,39.400483,-120.103848,9671.4,9.671,1
Siberia_2024-CABDF-010843,1054,497,34.223442,-116.960307,6034.2,6.034,1
Sierra_2024-CAANF-242698,990,372,34.551466,-118.429922,10027.1,10.027,1
Sierra_2024-CAMMU-018562,661,335,37.35153,-119.585049,9438.6,9.439,1
Signal_2024-CASRF-000713,75,95,41.837515,-124.022161,10632.2,10.632,1
Silverado_2024-CAANF-243644,974,347,34.642393,-118.732513,6609.1,6.609,1
Sirretta_2024-CASQF-001263,835,412,35.987939,-118.332991,7858.0,7.858,1
Skyland_2024-CABDF-009823,1099,504,33.83925,-116.799018,2350.4,2.35,1
Skyline_2024-CASHF-001147,224,200,40.827289,-122.317117,14543.6,14.544,1
Slate_2024-CASRF-000624,146,107,41.263257,-123.644176,9907.0,9.907,1
Sloat_2024-CATNF-001054,380,298,39.71067,-120.733786,13755.8,13.756,1
Smith_2024-CAPNF-000834,372,318,39.824524,-120.526988,4774.5,4.775,1
Snag_2024-CAMDF-000416,143,400,41.988466,-120.217701,22439.6,22.44,1
Snell_2024-CAMDF-000949,179,282,41.409502,-121.499947,3675.4,3.675,1
Snow_2024-CABDF-012275,1065,517,34.162181,-116.72507,3513.2,3.513,1
Snowbird_2024-CASHF-000647,215,197,40.897305,-122.379626,5768.4,5.768,1
Soap_2024-CASTF-002267,561,302,38.150636,-120.204338,10416.6,10.417,1
Somes_2024-CASRF-000901,136,122,41.387037,-123.502744,27230.6,27.231,1
South_2024-CAINF-001975,698,419,37.200393,-118.56527,40399.7,40.4,0
South_2024-CASKU-003966,176,215,41.275834,-122.291476,6194.9,6.195,1
South_Crater_2024-CAINF-001246,615,396,37.878738,-119.017438,14979.5,14.98,1
Spaulding_2024-CATNF-000682,422,297,39.344881,-120.629731,7259.6,7.26,1
Spider_2024-CASHF-000844,213,161,40.82625,-122.802573,19011.9,19.012,1
Spillway_2024-CABDF-007081,1120,509,33.662857,-116.706026,8189.4,8.189,1
Spring_2024-CAENF-016530,486,290,38.774925,-120.53628,9063.7,9.064,1
Spring_2024-CAKNF-006816,87,175,41.940005,-123.044039,39939.7,39.94,0
Spring_2024-CAMDF-000414,230,385,41.202124,-120.146384,35020.0,35.02,0
Spring_2024-CAPNF-001286,348,335,40.07001,-120.39794,8525.6,8.526,1
Spring_2024-CASQF-001764,812,389,36.143896,-118.635618,24468.8,24.469,1
Springs_2024-CATNF-001018,426,346,39.417833,-120.060912,6349.5,6.35,1
Spunky_2024-CAANF-242018,987,377,34.587537,-118.382671,6673.1,6.673,1
Spur_2024-CAINF-001424,634,394,37.708922,-118.99407,7306.5,7.307,1
Spur_2024-CAMDF-000346,199,325,41.336225,-120.937366,8653.1,8.653,1
Star_2024-CASHF-000450,247,114,40.417847,-123.236919,13234.0,13.234,1
Starvation_2024-CASQF-001512,836,384,35.923991,-118.636354,10133.3,10.133,1
Stead_2024-CAMDF-000982,136,355,41.948429,-120.770275,15241.8,15.242,1
Steep_2024-CABDF-012020,1054,476,34.185439,-117.185006,6633.8,6.634,1
Stick_2024-CABDF-012596,1061,498,34.163551,-116.936031,7535.5,7.535,1
Stock_2024-CAMDF-000592,171,370,41.679647,-120.490834,19305.4,19.305,1
Stokes_2024-CACNF-001574,1178,488,33.113793,-116.819835,5215.5,5.215,1
Strawberry_2024-CAPNF-000895,387,267,39.580131,-121.068236,12049.2,12.049,1
Strike_2024-CABDF-012602,1061,498,34.163551,-116.936031,7535.5,7.535,1
Stuart_2024-CASHF-000414,209,156,40.848146,-122.872992,16965.8,16.966,1
Stump_2024-CASRF-000684,76,94,41.826385,-124.030453,11641.4,11.641,1
Stump_2024-CASTF-001458,562,326,38.193714,-119.932828,8671.8,8.672,1
Sugar_2024-CABDF-010319,1055,501,34.221811,-116.91555,1917.9,1.918,1
Sugar_2024-CATNF-001025,442,278,39.129285,-120.790918,7601.5,7.602,1
Sugar_2024-CATNF-001197,434,295,39.236513,-120.619791,6239.1,6.239,1
Sugarloaf_2024-CAANF-243521,1038,436,34.2524,-117.64478,8737.5,8.738,1
Sulphur_2024-CAKNF-004181,104,144,41.716405,-123.35153,41501.9,41.502,0
Summit_2024-CASQF-001071,742,392,36.761906,-118.762211,24357.5,24.358,1
Sun_2024-CATCU-003101,577,298,38.003027,-120.207854,2637.9,2.638,1
Sunrise_2024-CAANF-241996,1006,413,34.490194,-117.956624,11378.4,11.378,1
Sunrise_2_2024-CAANF-242055,1016,425,34.425109,-117.807364,12342.1,12.342,1
Sunset_2024-CAENF-024412,478,304,38.875141,-120.399443,16245.8,16.246,1
Sunshine_2024-CAANF-244639,1014,374,34.344877,-118.357635,5232.2,5.232,1
Suzy_2024-CASRF-000368,190,103,40.877312,-123.546423,15557.4,15.557,1
Swaggert_Timber_Sale_2024-CAMDF-000887,215,334,41.218428,-120.785472,16839.1,16.839,1
Swarthout_2024-CABDF-016024,1040,453,34.266439,-117.458857,6970.6,6.971,1
Sycamore_2024-CABDF-001018,1048,455,34.199745,-117.421479,5307.4,5.307,1
Talbot_2024-CATNF-000904,443,318,39.209338,-120.334218,16577.3,16.577,1
Tamarack_2024-CASHF-000630,191,196,41.100887,-122.465801,14713.9,14.714,1
Tamarack_2024-CASNF-000704,689,363,37.165685,-119.207015,6540.7,6.541,1
Tank_2024-CAANF-243112,990,357,34.52201,-118.590737,13950.1,13.95,1
Tar_2024-CALPF-001515,988,327,34.479856,-118.916435,16158.3,16.158,1
Taylors_2024-CAPNF-000831,331,305,40.150264,-120.790304,14576.0,14.576,1
Tecuya_2024-CALPF-002553,947,330,34.844734,-118.97427,2348.3,2.348,1
Telegraph_2024-CAANF-243254,1038,439,34.258006,-117.612685,11105.7,11.106,1
Tells_2024-CAENF-023159,476,309,38.90346,-120.348212,21261.5,21.262,1
Temple_2024-CAKNF-003997,126,229,41.739047,-122.284483,13108.0,13.108,1
Templin_2024-CAANF-241629,979,348,34.600583,-118.710947,2068.8,2.069,1
Ten_Mile_2024-CASQF-000670,740,381,36.757232,-118.888077,13576.5,13.576,1
Tenaja_2024-CACNF-001874,1116,444,33.580858,-117.404335,5940.6,5.941,1
Thousand_2024-CAINF-001270,630,377,37.708969,-119.193368,12409.6,12.41,1
Thunder_2024-CAENF-025870,505,324,38.684516,-120.102379,22565.2,22.565,1
Timber_2024-CASHF-000912,170,271,41.461194,-121.655925,16501.4,16.501,1
Timber_2024-CASHU-004313,205,277,41.173806,-121.480222,24369.2,24.369,1
Timber_2024-CASHU-013961,205,276,41.171471,-121.49188,23970.0,23.97,1
Tnf-Madrone_2024-CANEU-014985,397,259,39.475486,-121.131349,8100.0,8.1,1
Tom_2024-CAKNF-005764,104,159,41.754369,-123.175941,30538.7,30.539,1
Tom_2024-CASNF-000726,669,369,37.352451,-119.18836,15542.6,15.543,1
Track_2024-CATNF-001069,390,321,39.675268,-120.443325,10473.4,10.473,1
Trail_2024-CAKNF-006785,164,159,41.241022,-122.981324,40585.5,40.586,0
Trail_2024-CALPF-000839,721,119,36.352857,-121.807762,11848.6,11.849,1
Trailhead_2024-CASTF-002413,565,325,38.165499,-119.936386,9100.2,9.1,1
Train_2024-CABDF-011648,1033,456,34.333576,-117.440755,11374.3,11.374,1
Trinity_2024-CASRF-000333,182,99,40.935407,-123.618701,11631.5,11.631,1
Trinity_River_Camp_Shfweavville_2024-CASHU-009224,217,160,40.789493,-122.801566,16083.3,16.083,1
Trout_2024-CASQF-001240,835,414,35.991848,-118.311148,5939.4,5.939,1
Turk_2024-CABDF-004555,1046,452,34.211798,-117.457555,3993.5,3.993,1
Turkey_2024-CALPF-001493,863,220,35.34791,-120.353332,4977.8,4.978,1
Tv_2024-CATNF-001039,397,336,39.64759,-120.25281,18638.0,18.638,1
Twin_2024-CAPNF-000339,377,320,39.785659,-120.490342,4954.4,4.954,1
Ullathorne_2024-CASRF-000882,145,114,41.289735,-123.566154,15276.8,15.277,1
Unattended_2024-CASTF-002156,552,344,38.31905,-119.756248,26488.8,26.489,1
Under_2024-CASHF-000423,199,106,40.808067,-123.482605,22297.1,22.297,1
Union_2024-CASTF-002004,535,325,38.426157,-120.013305,7662.0,7.662,1
Union_2024-CATNF-000234,396,293,39.561013,-120.746644,7114.4,7.114,1
Upper_2024-CAANF-243923,1023,398,34.312246,-118.082041,10046.4,10.046,1
Upper_2024-CABDF-014731,1039,448,34.265968,-117.514371,5994.3,5.994,1
Upper_2024-CATMU-026524,494,334,38.801629,-120.018124,35245.0,35.245,0
Utica_2024-CASTF-001848,534,326,38.436996,-120.004636,7028.4,7.028,1
Valentine_2024-CAINF-000771,643,398,37.638535,-118.927929,9256.2,9.256,1
Valley_2024-CAMDF-000116,223,369,41.227511,-120.353326,19171.7,19.172,1
Valley_2024-CATMU-016096,497,334,38.775579,-120.010308,32402.2,32.402,0
Valley_2024-CATNF-001417,423,339,39.428664,-120.148713,10455.6,10.456,1
Van_Sickle_2024-CATMU-010359,479,344,38.953422,-119.944069,38808.9,38.809,0
Veronica_2024-CAANF-243913,991,358,34.515218,-118.577875,15362.9,15.363,1
Viejas_2024-CACNF-001834,1209,493,32.848932,-116.709603,14322.0,14.322,1
View_2024-CABDF-017150,1119,510,33.673448,-116.697274,7705.0,7.705,1
View_2024-CACNF-002168,1211,497,32.838307,-116.663796,13030.9,13.031,1
Village_2024-CASRF-000143,190,105,40.882415,-123.523319,17492.2,17.492,1
Violin_2024-CAANF-244304,983,349,34.567527,-118.691572,3329.2,3.329,1
Vista_2024-CAANF-241533,972,345,34.655931,-118.758321,8766.4,8.766,1
Vista_2024-CABDF-009908,1034,441,34.296915,-117.599359,10319.6,10.32,1
Vista_2024-CAPNF-000281,376,313,39.77878,-120.573235,4553.5,4.554,1
Vogel_2024-CAANF-244517,1022,378,34.28246,-118.298026,5852.1,5.852,1
Volcanoville_2024-CAENF-012090,459,275,38.975409,-120.778567,5687.5,5.687,1
Votaw_2024-CAENF-019847,520,313,38.530452,-120.187232,12695.1,12.695,1
Warm_2024-CAANF-242190,982,362,34.601976,-118.554294,9140.8,9.141,1
Warner_2024-CAMDF-000173,231,377,41.1759,-120.237122,27218.1,27.218,1
Waterfall_2024-CASRF-000018,187,99,40.892711,-123.602391,11048.8,11.049,1
Waterman_2024-CASRF-000591,184,105,40.933669,-123.542824,17083.2,17.083,1
Waterman_2_2024-CABDF-011489,1049,468,34.214851,-117.280443,3970.2,3.97,1
Waucoba_2024-CAINF-002044,732,459,36.981336,-118.044849,25679.7,25.68,1
Weaver_2024-CASQF-002014,748,387,36.699433,-118.803459,20133.1,20.133,1
Webber_2024-CATNF-000788,417,317,39.432503,-120.415603,14554.3,14.554,1
Weeds_2024-CATNF-000824,401,265,39.454577,-121.05185,3624.0,3.624,1
Weigh_2024-CABDF-010655,1035,453,34.310428,-117.468875,11113.8,11.114,1
Weiser_2024-CASTF-001952,531,337,38.486669,-119.888571,14219.4,14.219,1
West_2024-CALNF-003765,317,277,40.207677,-121.152162,2960.0,2.96,1
West_2024-CASHF-000756,257,135,40.38473,-122.964289,1792.3,1.792,1
West_2024-CASNF-001345,687,370,37.197503,-119.134251,9535.6,9.536,1
Whaleback_E-2_2024-CALNF-004085,278,313,40.626517,-120.8483,6418.3,6.418,1
Wheeler_2024-CAINF-000885,669,418,37.451819,-118.643781,39916.7,39.917,0
Wheeler_2024-CASTF-001396,525,329,38.52163,-119.994098,6331.6,6.332,1
Wheeler_2024-CATNF-001278,436,316,39.26563,-120.375734,16071.5,16.071,1
Whitaker_2024-CAANF-242087,979,348,34.600583,-118.710947,2068.8,2.069,1
Whitney_2024-CASHF-000106,153,226,41.499962,-122.234824,11570.8,11.571,1
Whitney_2024-CASRF-000393,146,114,41.281197,-123.562863,14666.6,14.667,1
Wildwood_2024-CAENF-031373,491,309,38.773365,-120.308467,25310.6,25.311,1
Wildwood_2024-CASHF-000354,256,129,40.378359,-123.036323,7097.7,7.098,1
Williams_2024-CAANF-243831,1037,422,34.234895,-117.796544,8936.1,8.936,1
Willow_2024-CALPF-002515,896,234,35.090684,-120.123794,8869.9,8.87,1
Willow_2024-CAMDF-001006,150,388,41.901351,-120.339374,10990.1,10.99,1
Willow_2024-CAPNF-001522,372,314,39.815636,-120.572808,4176.3,4.176,1
Willow_2024-CASQF-001294,881,370,35.502373,-118.688381,3079.8,3.08,1
Willow_2024-CASRF-000670,180,95,40.942227,-123.671472,9093.5,9.093,1
Wilson_2024-CAKNF-005121,101,139,41.729312,-123.419955,39361.3,39.361,0
Wintun_2024-CASRF-000477,249,97,40.357812,-123.42566,5432.4,5.432,1
Woodward_2024-CASQF-000683,751,382,36.663156,-118.851582,16706.2,16.706,1
Works_2024-CAANF-243724,1018,371,34.303946,-118.381285,6482.1,6.482,1
World_2024-CABDF-006869,1035,455,34.31413,-117.447459,10251.8,10.252,1
Wright_2024-CASRF-000474,142,102,41.284537,-123.715468,12637.1,12.637,1
Yacht_2024-CASHF-001049,230,199,40.773332,-122.310243,11413.5,11.414,1
Yard_2024-CAKNF-005935,94,145,41.804376,-123.372905,41519.4,41.519,0
Yellow_2024-CABDF-003193,1047,456,34.210391,-117.412778,6611.2,6.611,1
York_2024-CAANF-242684,1017,423,34.412543,-117.826746,13469.7,13.47,1
Zot_2024-CASHF-000381,165,202,41.33863,-122.477443,4426.9,4.427,1
