sensor_strategy,drone_strategy,layout,scenario,delta_t,device,execution_time,fire_size_cells,fire_percentage,map_explored,total_distance
RandomSensorPlacementStrategy,RandomDroneRoutingStrategy,0337,01635,1,drone,4.728685643197318e-06,12,0.0065477164838762,0.555464615048835,62896
RandomSensorPlacementStrategy,RandomDroneRoutingStrategy,0111,02481,30,drone,5.036014307953903e-06,358,0.1043041485664006,0.6028080541449244,179485
RandomSensorPlacementStrategy,RandomDroneRoutingStrategy,0111,01031,20,drone,5.1129838304940294e-06,299,0.0871143587188653,0.4198387655982775,110702
RandomSensorPlacementStrategy,RandomDroneRoutingStrategy,0111,02640,5,drone,4.724628117238106e-06,6,0.0017481142217832,0.2928091321486946,56838
RandomSensorPlacementStrategy,RandomDroneRoutingStrategy,0111,01235,13,drone,4.720144462042045e-06,978,0.2849426181506699,0.3178654359942545,82111
RandomSensorPlacementStrategy,RandomDroneRoutingStrategy,0111,00340,4,drone,4.5237870051943026e-06,2,0.0005827047405944,0.2182229253526092,53968
RandomSensorPlacementStrategy,RandomDroneRoutingStrategy,0111,02870,7,drone,4.689400128385622e-06,43,0.0125281519227799,0.3134951504397963,75425
RandomSensorPlacementStrategy,RandomDroneRoutingStrategy,0111,02410,4,drone,4.422042079313119e-06,34,0.009905980590105,0.2290029630536059,41600
RandomSensorPlacementStrategy,RandomDroneRoutingStrategy,0111,01098,0,drone,5.233982753326006e-06,9,0.0026221713326748,0.184426050398133,35370
RandomSensorPlacementStrategy,RandomDroneRoutingStrategy,0111,02877,2,drone,4.470250162693382e-06,1,0.0002913523702972,0.2412397626060886,46639
RandomSensorPlacementStrategy,RandomDroneRoutingStrategy,0111,02270,0,drone,4.412367818141179e-06,3,0.0008740571108916,0.1730633079565418,29646
RandomSensorPlacementStrategy,RandomDroneRoutingStrategy,0111,01233,2,drone,4.5011963760643675e-06,20,0.0058270474059441,0.3149519122912824,73143
RandomSensorPlacementStrategy,RandomDroneRoutingStrategy,0111,02641,2,drone,4.671092303294056e-06,1,0.0002913523702972,0.3519536633190279,69140
RandomSensorPlacementStrategy,RandomDroneRoutingStrategy,0111,01030,18,drone,4.756622966109688e-06,255,0.0742948544257881,0.4673292019567225,122342
RandomSensorPlacementStrategy,RandomDroneRoutingStrategy,0111,02480,0,drone,4.367072983543472e-06,3,0.0008740571108916,0.0550655979861724,8196
RandomSensorPlacementStrategy,RandomDroneRoutingStrategy,0111,02878,0,drone,4.575008482444943e-06,1,0.0002913523702972,0.2324991914971724,50406
RandomSensorPlacementStrategy,RandomDroneRoutingStrategy,0111,01099,0,drone,4.289836285800336e-06,6,0.0017481142217832,0.2569727906021379,55236
RandomSensorPlacementStrategy,RandomDroneRoutingStrategy,0111,00341,9,drone,4.7708518793431e-06,5,0.001456761851486,0.2534765621585714,60769
RandomSensorPlacementStrategy,RandomDroneRoutingStrategy,0111,02885,0,drone,4.903405113557799e-06,1,0.0002913523702972,0.0524434266534975,8580
RandomSensorPlacementStrategy,RandomDroneRoutingStrategy,0111,02871,2,drone,4.534210477556501e-06,4,0.0011654094811888,0.2080255923922069,38772
RandomSensorPlacementStrategy,RandomDroneRoutingStrategy,0111,00802,72,undetected,4.840083981652516e-06,3211,0.9355324610243366,1.09694167416899,393215
RandomSensorPlacementStrategy,RandomDroneRoutingStrategy,0111,01127,4,drone,4.523992538452149e-06,71,0.0206860182911018,0.2464841052714384,47976
RandomSensorPlacementStrategy,RandomDroneRoutingStrategy,0111,02506,12,drone,4.901470814410612e-06,201,0.0585618264297389,0.2820290944476978,61757
RandomSensorPlacementStrategy,RandomDroneRoutingStrategy,0111,01946,6,drone,4.677936948578933e-06,14,0.0040789331841609,0.2578468477130295,64348
RandomSensorPlacementStrategy,RandomDroneRoutingStrategy,0111,01526,34,drone,4.810898365761344e-06,157,0.0457423221366617,0.6773942609410099,211351
RandomSensorPlacementStrategy,RandomDroneRoutingStrategy,0111,02992,0,drone,4.24366836110219e-06,1,0.0002913523702972,0.1902530978040771,40598
RandomSensorPlacementStrategy,RandomDroneRoutingStrategy,0111,03088,4,drone,4.656442249094257e-06,5,0.001456761851486,0.3076681030338522,62717
RandomSensorPlacementStrategy,RandomDroneRoutingStrategy,0111,01722,15,drone,4.886481707973433e-06,553,0.1611178607743563,0.3671039865744828,94040
RandomSensorPlacementStrategy,RandomDroneRoutingStrategy,0111,00803,42,drone,4.803860239392856e-06,2199,0.6406838622835617,0.73479067788956,254750
RandomSensorPlacementStrategy,RandomDroneRoutingStrategy,0111,01126,1,drone,4.392317921551385e-06,20,0.0058270474059441,0.2977621224437471,67973
RandomSensorPlacementStrategy,RandomDroneRoutingStrategy,0111,01724,0,drone,4.56053731045292e-06,4,0.0011654094811888,0.2432792291981691,53616
RandomSensorPlacementStrategy,RandomDroneRoutingStrategy,0111,01712,4,drone,4.62914690559293e-06,6,0.0017481142217832,0.3199049025863349,64453
RandomSensorPlacementStrategy,RandomDroneRoutingStrategy,0111,03277,72,undetected,4.813037104590743e-06,3675,1.0707199608422413,1.2143566793987652,401394
RandomSensorPlacementStrategy,RandomDroneRoutingStrategy,0111,01730,18,drone,4.832643811601941e-06,85,0.0247649514752627,0.3825456622002348,115508
RandomSensorPlacementStrategy,RandomDroneRoutingStrategy,0111,02183,1,drone,4.542655632144115e-06,8,0.0023308189623776,0.1086744341208587,19241
RandomSensorPlacementStrategy,RandomDroneRoutingStrategy,0111,00412,18,drone,4.705164832155408e-06,74,0.0215600754019934,0.5719247028934205,136084
RandomSensorPlacementStrategy,RandomDroneRoutingStrategy,0111,03297,2,drone,4.6541864387833754e-06,4,0.0011654094811888,0.270957704376404,61502
RandomSensorPlacementStrategy,RandomDroneRoutingStrategy,0111,01309,1,drone,4.558388246308773e-06,1,0.0002913523702972,0.1191631194515583,25731
RandomSensorPlacementStrategy,RandomDroneRoutingStrategy,0111,02540,0,drone,4.455822856486345e-06,1,0.0002913523702972,0.1882136312119967,38024
RandomSensorPlacementStrategy,RandomDroneRoutingStrategy,0111,01755,0,drone,4.4924489567788795e-06,1,0.0002913523702972,0.1654881463288144,35072
RandomSensorPlacementStrategy,RandomDroneRoutingStrategy,0111,00013,1,drone,4.731425361540935e-06,10,0.002913523702972,0.1879222788416995,32273
RandomSensorPlacementStrategy,RandomDroneRoutingStrategy,0111,00014,0,drone,4.302887689499628e-06,2,0.0005827047405944,0.1115879578238308,16648
RandomSensorPlacementStrategy,RandomDroneRoutingStrategy,0111,00413,71,undetected,4.905026133467512e-06,640,0.1864655169902134,1.1863868518502332,407957
RandomSensorPlacementStrategy,RandomDroneRoutingStrategy,0111,02972,4,drone,4.58788147659216e-06,25,0.0072838092574302,0.3219443691784154,69936
RandomSensorPlacementStrategy,RandomDroneRoutingStrategy,0111,03298,5,drone,4.77020380934423e-06,11,0.0032048760732692,0.3181567883645517,82300
RandomSensorPlacementStrategy,RandomDroneRoutingStrategy,0111,00471,15,drone,4.927241323554949e-06,159,0.0463250268772561,0.3752618529428046,82694
RandomSensorPlacementStrategy,RandomDroneRoutingStrategy,0111,00829,13,drone,4.865585535696808e-06,26,0.0075751616277274,0.2931004845189918,68308
RandomSensorPlacementStrategy,RandomDroneRoutingStrategy,0111,00015,1,drone,4.8816204071044925e-06,10,0.002913523702972,0.1812211743248637,30715
RandomSensorPlacementStrategy,RandomDroneRoutingStrategy,0111,01308,14,drone,4.762435184032086e-06,159,0.0463250268772561,0.4606280974398867,116710
RandomSensorPlacementStrategy,RandomDroneRoutingStrategy,0111,02296,8,drone,5.174395489147971e-06,40,0.0116540948118883,0.2164748111308259,44444
RandomSensorPlacementStrategy,RandomDroneRoutingStrategy,0111,03182,9,drone,4.712476054079798e-06,135,0.0393325699901231,0.4355717935943267,107285
RandomSensorPlacementStrategy,RandomDroneRoutingStrategy,0111,01619,2,drone,4.336335812542348e-06,6,0.0017481142217832,0.2368694770516305,60723
RandomSensorPlacementStrategy,RandomDroneRoutingStrategy,0111,03343,1,drone,4.482064048734252e-06,1,0.0002913523702972,0.254350619269463,54019
RandomSensorPlacementStrategy,RandomDroneRoutingStrategy,0111,02059,1,drone,4.900711916435357e-06,3,0.0008740571108916,0.1934579738773464,36368
RandomSensorPlacementStrategy,RandomDroneRoutingStrategy,0111,01617,3,drone,4.88405684569317e-06,6,0.0017481142217832,0.3402995685071395,76246
RandomSensorPlacementStrategy,RandomDroneRoutingStrategy,0111,01041,10,drone,5.018511821855603e-06,28,0.0081578663683218,0.4212955274497635,80589
RandomSensorPlacementStrategy,RandomDroneRoutingStrategy,0111,02664,0,drone,4.5299530029296875e-06,4,0.0011654094811888,0.1080917293802643,18994
RandomSensorPlacementStrategy,RandomDroneRoutingStrategy,0111,00765,0,drone,4.516707526312934e-06,2,0.0005827047405944,0.2220105061664729,41304
RandomSensorPlacementStrategy,RandomDroneRoutingStrategy,0111,02663,3,drone,4.91094349616736e-06,29,0.008449218738619,0.0888624729406486,15823
RandomSensorPlacementStrategy,RandomDroneRoutingStrategy,0111,02467,13,drone,4.700710191549513e-06,347,0.1010992724931313,0.5258910283864614,122202
RandomSensorPlacementStrategy,RandomDroneRoutingStrategy,0111,02058,2,drone,4.754857978357477e-06,2,0.0005827047405944,0.1080917293802643,19594
RandomSensorPlacementStrategy,RandomDroneRoutingStrategy,0111,01286,15,drone,5.24497314875305e-06,72,0.020977370661399,0.298927531924936,80152
RandomSensorPlacementStrategy,RandomDroneRoutingStrategy,0111,03342,0,drone,4.520783057579627e-06,1,0.0002913523702972,0.0329228178435845,6234
RandomSensorPlacementStrategy,RandomDroneRoutingStrategy,0111,03184,1,drone,4.37164306640625e-06,4,0.0011654094811888,0.166362203439706,29073
RandomSensorPlacementStrategy,RandomDroneRoutingStrategy,0111,02466,2,drone,4.670249856336022e-06,3,0.0008740571108916,0.124407462116908,21770
RandomSensorPlacementStrategy,RandomDroneRoutingStrategy,0111,03112,2,drone,4.4236954987181265e-06,14,0.0040789331841609,0.2243413251288505,35865
RandomSensorPlacementStrategy,RandomDroneRoutingStrategy,0111,02662,10,drone,4.875752512394508e-06,261,0.0760429686475714,0.3848764811626125,90614
RandomSensorPlacementStrategy,RandomDroneRoutingStrategy,0111,00909,51,drone,5.888337299056061e-06,2282,0.66486610901823,0.9206734901391792,289615
RandomSensorPlacementStrategy,RandomDroneRoutingStrategy,0111,03568,0,drone,4.3220636321277155e-06,1,0.0002913523702972,0.2368694770516305,51623
RandomSensorPlacementStrategy,RandomDroneRoutingStrategy,0111,00910,7,drone,5.071589302277107e-06,138,0.0402066271010147,0.2715404091169984,54715
RandomSensorPlacementStrategy,RandomDroneRoutingStrategy,0111,03339,5,drone,4.776224344014467e-06,6,0.0017481142217832,0.3271887118437652,85007
RandomSensorPlacementStrategy,RandomDroneRoutingStrategy,0111,00342,3,drone,5.293277002150013e-06,1,0.0002913523702972,0.1139187767862085,19597
RandomSensorPlacementStrategy,RandomDroneRoutingStrategy,0111,02886,0,drone,4.866338126064596e-06,2,0.0005827047405944,0.2051120686892348,37160
RandomSensorPlacementStrategy,RandomDroneRoutingStrategy,0111,03567,7,drone,4.806761014259468e-06,12,0.0034962284435665,0.3901208238279622,82452
RandomSensorPlacementStrategy,RandomDroneRoutingStrategy,0111,03338,2,drone,4.997620215782752e-06,1,0.0002913523702972,0.0868230063485681,16596
RandomSensorPlacementStrategy,RandomDroneRoutingStrategy,0111,01525,5,drone,5.077876437648856e-06,16,0.0046616379247553,0.2357040675704417,48104
RandomSensorPlacementStrategy,RandomDroneRoutingStrategy,0111,02991,0,drone,4.133811363807091e-06,1,0.0002913523702972,0.0585618264297389,10616
RandomSensorPlacementStrategy,RandomDroneRoutingStrategy,0111,01728,6,drone,4.569924004384731e-06,61,0.0177724945881297,0.2843599134100755,67482
RandomSensorPlacementStrategy,RandomDroneRoutingStrategy,0111,02159,22,drone,4.937059630758514e-06,4513,1.3148732471513025,0.6100918634023548,163666
RandomSensorPlacementStrategy,RandomDroneRoutingStrategy,0111,02505,1,drone,4.406979209498355e-06,14,0.0040789331841609,0.1194544718218555,22922
RandomSensorPlacementStrategy,RandomDroneRoutingStrategy,0111,01710,50,drone,4.755077789449766e-06,2984,0.8693954729668703,0.9250437756936372,301912
RandomSensorPlacementStrategy,RandomDroneRoutingStrategy,0111,03275,5,drone,4.772237829259924e-06,234,0.0681764546495468,0.2849426181506699,72570
RandomSensorPlacementStrategy,RandomDroneRoutingStrategy,0111,01945,2,drone,4.3966518804288135e-06,3,0.0008740571108916,0.2290029630536059,50109
RandomSensorPlacementStrategy,RandomDroneRoutingStrategy,0111,02157,15,drone,4.979466774988086e-06,1633,0.4757784206953415,0.4454777741844318,127912
RandomSensorPlacementStrategy,RandomDroneRoutingStrategy,0111,01123,3,drone,4.842606457796964e-06,39,0.0113627424415911,0.1751027745486223,35169
RandomSensorPlacementStrategy,RandomDroneRoutingStrategy,0111,01124,7,drone,4.782507070910789e-06,61,0.0177724945881297,0.2773674565229425,59260
RandomSensorPlacementStrategy,RandomDroneRoutingStrategy,0111,00830,5,drone,4.8161349033871555e-06,14,0.0040789331841609,0.2447359910496551,47768
RandomSensorPlacementStrategy,RandomDroneRoutingStrategy,0111,01756,11,drone,4.853647534209903e-06,87,0.0253476562158571,0.294848598740775,63688
RandomSensorPlacementStrategy,RandomDroneRoutingStrategy,0111,00473,0,drone,4.5232211842256436e-06,1,0.0002913523702972,0.1515032325545484,34192
RandomSensorPlacementStrategy,RandomDroneRoutingStrategy,0111,00878,1,drone,4.7838386101058765e-06,6,0.0017481142217832,0.2601776666754072,51218
RandomSensorPlacementStrategy,RandomDroneRoutingStrategy,0111,00876,2,drone,4.868576492088429e-06,11,0.0032048760732692,0.0667196927980607,10675
RandomSensorPlacementStrategy,RandomDroneRoutingStrategy,0111,01153,11,drone,4.670966928886954e-06,70,0.0203946659208046,0.4859757536557438,117744
RandomSensorPlacementStrategy,RandomDroneRoutingStrategy,0111,01968,30,drone,4.854014045313785e-06,303,0.0882797682000541,0.6517552523548555,182388
RandomSensorPlacementStrategy,RandomDroneRoutingStrategy,0111,01154,21,drone,4.924144577724676e-06,142,0.0413720365822036,0.6118399776241379,162927
RandomSensorPlacementStrategy,RandomDroneRoutingStrategy,0111,03055,32,drone,5.085478645984335e-06,522,0.1520859372951428,0.6185410821409738,198789
RandomSensorPlacementStrategy,RandomDroneRoutingStrategy,0111,02542,3,drone,4.560211816032293e-06,11,0.0032048760732692,0.3266060071031708,73484
RandomSensorPlacementStrategy,RandomDroneRoutingStrategy,0111,01969,9,drone,4.9274098193132e-06,61,0.0177724945881297,0.2642565998595682,67522
RandomSensorPlacementStrategy,RandomDroneRoutingStrategy,0111,03054,51,drone,4.899111396923196e-06,753,0.219388334833798,0.993220230343184,308567
RandomSensorPlacementStrategy,RandomDroneRoutingStrategy,0111,00877,8,drone,4.848330514268166e-06,42,0.0122367995524827,0.3411736256180312,78476
RandomSensorPlacementStrategy,RandomDroneRoutingStrategy,0111,02181,1,drone,4.3711330317243746e-06,6,0.0017481142217832,0.2394916483843054,50040
RandomSensorPlacementStrategy,RandomDroneRoutingStrategy,0111,02660,7,drone,4.5808276744803995e-06,146,0.0425374460633924,0.3222357215487126,63224
RandomSensorPlacementStrategy,RandomDroneRoutingStrategy,0111,00766,1,drone,4.8669484945443964e-06,3,0.0008740571108916,0.0553569503564696,8336
RandomSensorPlacementStrategy,RandomDroneRoutingStrategy,0111,03340,0,drone,4.342506671773976e-06,1,0.0002913523702972,0.0766256733881658,12178
RandomSensorPlacementStrategy,RandomDroneRoutingStrategy,0111,02408,1,drone,4.709594779544406e-06,2,0.0005827047405944,0.3091248648853383,67922
RandomSensorPlacementStrategy,RandomDroneRoutingStrategy,0111,02295,13,drone,4.692644369406778e-06,39,0.0113627424415911,0.4775265349171248,116074
RandomSensorPlacementStrategy,RandomDroneRoutingStrategy,0111,02268,3,drone,4.671437539603921e-06,39,0.0113627424415911,0.3038805222199885,77401
RandomSensorPlacementStrategy,RandomDroneRoutingStrategy,0111,01042,60,drone,4.795801214477785e-06,510,0.1485897088515763,0.950100079539197,355419
RandomSensorPlacementStrategy,RandomDroneRoutingStrategy,0111,01284,18,drone,4.917022239038227e-06,98,0.0285525322891264,0.518315866758734,150485
RandomSensorPlacementStrategy,RandomDroneRoutingStrategy,0111,03111,0,drone,4.387179086374682e-06,2,0.0005827047405944,0.1480070041109819,27047
RandomSensorPlacementStrategy,RandomDroneRoutingStrategy,0320,00682,3,drone,4.752406052180699e-06,211,0.1902872345222527,0.3309735311358615,17138
RandomSensorPlacementStrategy,RandomDroneRoutingStrategy,0024,01683,13,drone,4.805314748105188e-06,136,0.0453310667799943,0.4776427845274403,105779
RandomSensorPlacementStrategy,RandomDroneRoutingStrategy,0024,01684,2,drone,4.955541307681075e-06,3,0.0009999500024998,0.199656683832475,32677
RandomSensorPlacementStrategy,RandomDroneRoutingStrategy,0024,00705,2,drone,4.5299530029296875e-06,43,0.0143326167024982,0.1753245671049781,25633
RandomSensorPlacementStrategy,RandomDroneRoutingStrategy,0024,01685,0,drone,4.421989872770489e-06,61,0.0203323167174974,0.1076612836024865,16638
RandomSensorPlacementStrategy,RandomDroneRoutingStrategy,0024,01682,2,drone,4.628369974535565e-06,17,0.0056663833474992,0.2133226671999733,40189
RandomSensorPlacementStrategy,RandomDroneRoutingStrategy,0024,00641,7,drone,4.898138151837451e-06,21,0.0069996500174991,0.1983234171624752,42031
RandomSensorPlacementStrategy,RandomDroneRoutingStrategy,0024,02145,1,drone,5.5217742919921875e-06,316,0.1053280669299868,0.0426645334399946,5623
RandomSensorPlacementStrategy,RandomDroneRoutingStrategy,0024,02535,14,drone,4.688993052134528e-06,2618,0.872623035514891,0.5726380347649284,132104
RandomSensorPlacementStrategy,RandomDroneRoutingStrategy,0024,02193,18,drone,4.971365147651931e-06,2820,0.9399530023498824,0.4826425345399397,112449
RandomSensorPlacementStrategy,RandomDroneRoutingStrategy,0024,00891,13,ground sensor,4.6727651342712245e-06,8377,2.792193723647151,0.440311317767445,95290
RandomSensorPlacementStrategy,RandomDroneRoutingStrategy,0024,00238,9,ground sensor,4.80848645407056e-06,3110,1.0366148359248704,0.3429828508574571,75811
RandomSensorPlacementStrategy,RandomDroneRoutingStrategy,0024,01326,2,drone,4.324946024013638e-06,1078,0.3593153675649551,0.2306551339099712,44358
RandomSensorPlacementStrategy,RandomDroneRoutingStrategy,0024,01921,7,drone,4.542111164301782e-06,111,0.0369981500924953,0.311984400779961,61499
RandomSensorPlacementStrategy,RandomDroneRoutingStrategy,0024,01787,0,drone,4.14228814793384e-06,293,0.0976617835774877,0.119994000299985,20318
RandomSensorPlacementStrategy,RandomDroneRoutingStrategy,0024,02534,15,drone,4.659067935451737e-06,5341,1.7802443211172774,0.5219739013049347,135716
RandomSensorPlacementStrategy,RandomDroneRoutingStrategy,0024,01788,3,drone,4.526582046155758e-06,1894,0.631301768244921,0.3069846507674616,61052
RandomSensorPlacementStrategy,RandomDroneRoutingStrategy,0024,02611,11,drone,5.0131004342275605e-06,10101,3.366831658417079,0.2939853007349632,69585
RandomSensorPlacementStrategy,RandomDroneRoutingStrategy,0024,01691,6,drone,5.101831735945509e-06,1154,0.3846474342949519,0.1736579837674783,34399
RandomSensorPlacementStrategy,RandomDroneRoutingStrategy,0024,01696,0,drone,4.611989503265709e-06,334,0.111327766944986,0.1966568338249754,29332
RandomSensorPlacementStrategy,RandomDroneRoutingStrategy,0024,02079,4,drone,4.5132584853558365e-06,1127,0.375647884272453,0.2379881005949702,35996
RandomSensorPlacementStrategy,RandomDroneRoutingStrategy,0024,01687,2,drone,4.519904710323874e-06,274,0.0913287668949885,0.1369931503424828,21041
RandomSensorPlacementStrategy,RandomDroneRoutingStrategy,0024,01689,1,drone,4.402004029394245e-06,585,0.1949902504874756,0.1709914504274786,26406
RandomSensorPlacementStrategy,RandomDroneRoutingStrategy,0024,00889,29,drone,4.865276585718629e-06,2758,0.919287368964885,0.6526340349649185,197344
RandomSensorPlacementStrategy,RandomDroneRoutingStrategy,0024,00047,4,drone,4.680167399179775e-06,731,0.2436544839424695,0.2219889005549722,34750
RandomSensorPlacementStrategy,RandomDroneRoutingStrategy,0024,01784,5,drone,4.670401828820977e-06,2790,0.9299535023248838,0.2426545339399696,48627
RandomSensorPlacementStrategy,RandomDroneRoutingStrategy,0024,01782,1,drone,4.5554204420609905e-06,313,0.1043281169274869,0.3666483342499542,68897
RandomSensorPlacementStrategy,RandomDroneRoutingStrategy,0024,01692,2,drone,4.665546507631998e-06,1298,0.4326450344149459,0.0919954002299884,16459
RandomSensorPlacementStrategy,RandomDroneRoutingStrategy,0024,01693,0,drone,5.140900611877441e-06,233,0.0776627835274903,0.0113327666949985,1150
RandomSensorPlacementStrategy,RandomDroneRoutingStrategy,0024,01694,2,drone,4.32865842403425e-06,1327,0.4423112177724447,0.3696481842574538,68289
RandomSensorPlacementStrategy,RandomDroneRoutingStrategy,0025,00891,5,drone,4.614370441005241e-06,688,0.2387661895970126,0.3959770673403945,68857
RandomSensorPlacementStrategy,RandomDroneRoutingStrategy,0025,01035,8,drone,4.648381689087713e-06,4620,1.603342726654358,0.3876480142149173,85780
RandomSensorPlacementStrategy,RandomDroneRoutingStrategy,0025,01020,0,drone,4.456011221376822e-06,221,0.0766966975304357,0.298804780876494,64317
RandomSensorPlacementStrategy,RandomDroneRoutingStrategy,0025,00279,0,drone,4.177702996963845e-06,20,0.0069408776045643,0.1197301386787345,20400
RandomSensorPlacementStrategy,RandomDroneRoutingStrategy,0025,01199,5,drone,4.934143981438982e-06,1664,0.5774810166997515,0.2536890764468259,48927
RandomSensorPlacementStrategy,RandomDroneRoutingStrategy,0025,00650,0,drone,4.442717677863069e-06,122,0.0423393533878423,0.2706942265780085,49937
RandomSensorPlacementStrategy,RandomDroneRoutingStrategy,0025,00777,5,drone,4.626382038633103e-06,672,0.2332134875133611,0.3768896539278426,85497
RandomSensorPlacementStrategy,RandomDroneRoutingStrategy,0025,00532,3,drone,4.697100547709075e-06,140,0.0485861432319502,0.1370823326901453,22129
RandomSensorPlacementStrategy,RandomDroneRoutingStrategy,0025,00595,0,drone,4.224807211438065e-06,46,0.0159640184904979,0.1495759123783611,25758
RandomSensorPlacementStrategy,RandomDroneRoutingStrategy,0025,00701,2,drone,4.898060809124957e-06,879,0.3050515707206019,0.1072365589905187,14508
RandomSensorPlacementStrategy,RandomDroneRoutingStrategy,0265,01500,2,drone,4.8046063341552425e-06,54,0.0319829424307036,0.6118218431651268,61685
RandomSensorPlacementStrategy,RandomDroneRoutingStrategy,0106,00956,0,drone,4.665392665236209e-06,18,0.0062537783244043,0.2056798204470756,33802
RandomSensorPlacementStrategy,RandomDroneRoutingStrategy,0106,00958,1,drone,4.645925841180448e-06,48,0.0166767421984115,0.2188822413541515,35312
RandomSensorPlacementStrategy,RandomDroneRoutingStrategy,0106,00554,6,drone,4.945044032113994e-06,288,0.1000604531904692,0.3304079548060286,53783
RandomSensorPlacementStrategy,RandomDroneRoutingStrategy,0106,01224,1,drone,4.922950660789406e-06,15,0.0052114819370036,0.1070090957731407,14562
RandomSensorPlacementStrategy,RandomDroneRoutingStrategy,0106,02055,15,drone,5.520551188815671e-06,11227,3.900620513782633,0.5802116556530681,130714
RandomSensorPlacementStrategy,RandomDroneRoutingStrategy,0106,00957,0,drone,4.2003875847365675e-06,19,0.0066012104535379,0.2091541417384114,41571
RandomSensorPlacementStrategy,RandomDroneRoutingStrategy,0106,01075,0,drone,5.552643223812706e-06,75,0.026057409685018,0.0277945703306859,2900
RandomSensorPlacementStrategy,RandomDroneRoutingStrategy,0106,01489,2,drone,4.517404656661184e-06,34,0.0118126923905415,0.1789275465037904,24208
RandomSensorPlacementStrategy,RandomDroneRoutingStrategy,0106,01225,8,drone,5.195944862291362e-06,156,0.0541994121448375,0.1903928067651984,40564
RandomSensorPlacementStrategy,RandomDroneRoutingStrategy,0106,00555,2,drone,4.5668157258830465e-06,96,0.033353484396823,0.362719142815451,61993
RandomSensorPlacementStrategy,RandomDroneRoutingStrategy,0106,01966,14,drone,4.887151133696124e-06,9162,3.183173167121802,0.5148944153759563,110648
RandomSensorPlacementStrategy,RandomDroneRoutingStrategy,0106,00624,54,undetected,5.005809014716757e-06,486,0.1688520147589168,0.9314655382071112,267906
RandomSensorPlacementStrategy,RandomDroneRoutingStrategy,0106,00623,43,drone,4.929624205922873e-06,264,0.0917220820912634,0.7521905595741872,217900
RandomSensorPlacementStrategy,RandomDroneRoutingStrategy,0106,01395,1,drone,4.862484179045025e-06,23,0.0079909389700721,0.0694864258267147,8760
RandomSensorPlacementStrategy,RandomDroneRoutingStrategy,0106,00278,7,drone,4.839701730696882e-06,1376,0.4780666096877974,0.2240937232911551,38964
RandomSensorPlacementStrategy,RandomDroneRoutingStrategy,0106,00010,26,drone,4.8114314223780775e-06,5521,1.9181727849464605,0.5888974588814075,131672
RandomSensorPlacementStrategy,RandomDroneRoutingStrategy,0106,01393,6,drone,5.0082833881417995e-06,212,0.0736556113763176,0.2341692550360287,38197
RandomSensorPlacementStrategy,RandomDroneRoutingStrategy,0106,01967,5,drone,4.895587465656338e-06,3626,1.2597889002383384,0.2161027843210828,42287
RandomSensorPlacementStrategy,RandomDroneRoutingStrategy,0106,00812,0,drone,4.500150680541992e-06,59,0.0204984956188808,0.0535045478865703,5835
RandomSensorPlacementStrategy,RandomDroneRoutingStrategy,0106,00011,36,drone,4.916987428722727e-06,11646,4.0461945758896,0.8387011597284469,194146
RandomSensorPlacementStrategy,RandomDroneRoutingStrategy,0106,01772,4,drone,4.949763834324805e-06,587,0.2039426598014078,0.1716314717919854,31873
RandomSensorPlacementStrategy,RandomDroneRoutingStrategy,0106,00890,0,drone,4.488488902216372e-06,105,0.0364803735590252,0.0416918554960288,5685
RandomSensorPlacementStrategy,RandomDroneRoutingStrategy,0106,01177,0,drone,5.250175793965657e-06,19,0.0066012104535379,0.0312688916220216,3868
RandomSensorPlacementStrategy,RandomDroneRoutingStrategy,0106,00056,22,drone,5.2263151924565155e-06,1006,0.3495167219083752,0.5864654339774725,127364
RandomSensorPlacementStrategy,RandomDroneRoutingStrategy,0106,00467,7,drone,4.6750645578643425e-06,604,0.2098490059966785,0.3397886222926351,63205
RandomSensorPlacementStrategy,RandomDroneRoutingStrategy,0106,00057,6,drone,4.56080450317499e-06,99,0.0343957807842238,0.4210877405098913,82858
RandomSensorPlacementStrategy,RandomDroneRoutingStrategy,0106,01512,0,drone,4.514195453161481e-06,81,0.0281420024598194,0.2925378527304691,53857
RandomSensorPlacementStrategy,RandomDroneRoutingStrategy,0106,00891,2,drone,5.171123871022025e-06,179,0.0621903511149097,0.2953173097635377,42661
RandomSensorPlacementStrategy,RandomDroneRoutingStrategy,0106,01178,7,drone,4.52237814735855e-06,1957,0.6799246767144038,0.4745922883964617,99838
RandomSensorPlacementStrategy,RandomDroneRoutingStrategy,0106,00061,17,drone,5.082657353488313e-06,705,0.2449396510391695,0.5788219271365339,127669
RandomSensorPlacementStrategy,RandomDroneRoutingStrategy,0106,02070,9,drone,5.3547077410349195e-06,1553,0.53956209654444,0.2310423658738265,46879
RandomSensorPlacementStrategy,RandomDroneRoutingStrategy,0106,01468,6,drone,2.077474805261816e-05,27,0.0093806674866064,0.4589578425854509,88319
RandomSensorPlacementStrategy,RandomDroneRoutingStrategy,0106,02071,8,drone,6.0547612903443435e-06,1475,0.5124623904720212,0.5009971302106133,90553
RandomSensorPlacementStrategy,RandomDroneRoutingStrategy,0106,02057,13,drone,5.084017729790546e-06,10976,3.813415049370106,0.4693808064594581,118742
RandomSensorPlacementStrategy,RandomDroneRoutingStrategy,0106,00363,25,drone,5.188629896998041e-06,3969,1.3789581205311543,0.6535198349002522,128401
RandomSensorPlacementStrategy,RandomDroneRoutingStrategy,0106,01077,0,drone,4.542893485019081e-06,75,0.026057409685018,0.2501511329761731,48454
RandomSensorPlacementStrategy,RandomDroneRoutingStrategy,0106,01287,6,drone,4.851514724602011e-06,50,0.0173716064566786,0.4530514963901801,83530
RandomSensorPlacementStrategy,RandomDroneRoutingStrategy,0106,01888,20,undetected,4.840426974826389e-06,3508,1.2187919090005768,0.5406043929318408,121394
RandomSensorPlacementStrategy,RandomDroneRoutingStrategy,0106,00362,21,drone,4.8317932730237835e-06,3345,1.1621604719518042,0.6027947440467505,129211
RandomSensorPlacementStrategy,RandomDroneRoutingStrategy,0106,01288,5,drone,4.551585576709173e-06,49,0.0170241743275451,0.237991008456498,40479
RandomSensorPlacementStrategy,RandomDroneRoutingStrategy,0106,00819,8,drone,5.188122601576255e-06,607,0.2108913023840792,0.3752266994642597,79068
RandomSensorPlacementStrategy,RandomDroneRoutingStrategy,0106,01907,61,undetected,4.730702028751956e-06,303,0.1052719351274728,1.119078887939241,323157
RandomSensorPlacementStrategy,RandomDroneRoutingStrategy,0106,01161,3,drone,4.569746118129235e-06,246,0.0854683037668591,0.3008762238296748,56801
RandomSensorPlacementStrategy,RandomDroneRoutingStrategy,0106,00888,2,drone,4.470536385424882e-06,488,0.169546879017184,0.1848338926990612,25906
RandomSensorPlacementStrategy,RandomDroneRoutingStrategy,0106,01159,2,drone,4.691864127543435e-06,218,0.075740204151119,0.1452266299778338,23158
RandomSensorPlacementStrategy,RandomDroneRoutingStrategy,0106,01365,6,drone,4.707846796942002e-06,4,0.0013897285165342,0.2605740968501803,45998
RandomSensorPlacementStrategy,RandomDroneRoutingStrategy,0106,00811,1,drone,4.435407704320447e-06,237,0.0823414146046569,0.200468338510072,41589
RandomSensorPlacementStrategy,RandomDroneRoutingStrategy,0106,00012,16,drone,4.767038807365465e-06,5087,1.7673872409024898,0.5895923231396747,128256
RandomSensorPlacementStrategy,RandomDroneRoutingStrategy,0106,01908,22,drone,4.925581375486615e-06,37,0.0128549887779422,0.5527645174515159,116205
RandomSensorPlacementStrategy,RandomDroneRoutingStrategy,0106,00820,5,drone,4.799050443312701e-06,129,0.044818744658231,0.2018580670266063,43562
RandomSensorPlacementStrategy,RandomDroneRoutingStrategy,0106,01364,16,drone,4.814535498144142e-06,19,0.0066012104535379,0.4749397205255953,100900
RandomSensorPlacementStrategy,RandomDroneRoutingStrategy,0106,00280,10,drone,4.799676248923835e-06,2756,0.9575229478921292,0.388776552500469,68584
RandomSensorPlacementStrategy,RandomDroneRoutingStrategy,0106,02165,61,undetected,4.824764798371391e-06,551,0.1914351031525991,1.2337314905533203,352065
RandomSensorPlacementStrategy,RandomDroneRoutingStrategy,0106,00438,2,drone,4.647217849865463e-06,41,0.0142447172944765,0.3870393918548012,63631
RandomSensorPlacementStrategy,RandomDroneRoutingStrategy,0106,00063,21,drone,4.757233779795848e-06,1008,0.3502115861666424,0.7049397900120211,161733
RandomSensorPlacementStrategy,RandomDroneRoutingStrategy,0106,00436,11,drone,4.542875926698743e-06,451,0.1566918902392417,0.4037161340532126,99790
RandomSensorPlacementStrategy,RandomDroneRoutingStrategy,0106,01510,13,drone,4.8418262687461504e-06,4193,1.4567829174570748,0.4137916657980863,74898
RandomSensorPlacementStrategy,RandomDroneRoutingStrategy,0106,00668,1,drone,4.773545941844807e-06,2,0.0006948642582671,0.2171450807084836,47897
RandomSensorPlacementStrategy,RandomDroneRoutingStrategy,0106,02163,65,undetected,4.908041979270006e-06,1339,0.4652116209098552,1.250408232751732,377683
RandomSensorPlacementStrategy,RandomDroneRoutingStrategy,0106,00892,0,drone,4.611736120179642e-06,28,0.00972809961574,0.2174925128376171,41162
RandomSensorPlacementStrategy,RandomDroneRoutingStrategy,0106,00203,39,drone,4.96263541534282e-06,10060,3.4951672190837524,0.8317525171457755,219296
RandomSensorPlacementStrategy,RandomDroneRoutingStrategy,0106,00667,21,drone,4.697895649843996e-06,128,0.0444713125290974,0.6861784550388081,164483
RandomSensorPlacementStrategy,RandomDroneRoutingStrategy,0106,00204,23,drone,4.843913446338278e-06,5155,1.7910126256835728,0.7664352768686638,169319
RandomSensorPlacementStrategy,RandomDroneRoutingStrategy,0106,00464,2,drone,4.795573701794516e-06,79,0.0274471382015523,0.0882477607999277,11709
RandomSensorPlacementStrategy,RandomDroneRoutingStrategy,0106,01770,9,drone,5.031659219270391e-06,2290,0.7956195757158838,0.3696677853981225,70400
RandomSensorPlacementStrategy,RandomDroneRoutingStrategy,0106,00463,19,drone,4.981693468595806e-06,14842,5.156587660600501,0.4200454441224907,107179
RandomSensorPlacementStrategy,RandomDroneRoutingStrategy,0106,00347,18,drone,4.744703557072767e-06,264,0.0917220820912634,0.6424020067679779,139264
RandomSensorPlacementStrategy,RandomDroneRoutingStrategy,0106,00349,6,drone,4.692724549274737e-06,60,0.0208459277480144,0.1924773995399998,36429
RandomSensorPlacementStrategy,RandomDroneRoutingStrategy,0106,01490,8,drone,4.587684160616678e-06,218,0.075740204151119,0.3540333395871116,66828
RandomSensorPlacementStrategy,RandomDroneRoutingStrategy,0319,04119,1,drone,4.726189833420973e-06,37,0.0354677914110429,0.5818634969325154,40662
RandomSensorPlacementStrategy,RandomDroneRoutingStrategy,0323,00195,4,drone,4.835995760830966e-06,42,0.0294840294840294,0.2632502632502632,20848
RandomSensorPlacementStrategy,RandomDroneRoutingStrategy,0321,01452,0,drone,4.519434536204619e-06,3,0.0042084590025952,0.8388861611839799,35627
RandomSensorPlacementStrategy,RandomDroneRoutingStrategy,0016,00844,7,drone,4.946803435301169e-06,30,0.009372773966183,0.2593134130643972,50113
RandomSensorPlacementStrategy,RandomDroneRoutingStrategy,0016,00078,24,drone,4.695694584945794e-06,788,0.2461915295117409,0.6382859070970645,179134
RandomSensorPlacementStrategy,RandomDroneRoutingStrategy,0016,01962,11,drone,4.779757708095434e-06,45,0.0140591609492745,0.4717629562978792,109269
RandomSensorPlacementStrategy,RandomDroneRoutingStrategy,0016,01737,2,drone,4.347324371337891e-06,43,0.013434309351529,0.2058886014571539,38888
RandomSensorPlacementStrategy,RandomDroneRoutingStrategy,0016,00843,6,drone,5.5632983657190036e-06,26,0.0081230707706919,0.1849560729326785,30170
RandomSensorPlacementStrategy,RandomDroneRoutingStrategy,0016,01739,28,drone,4.735609439954366e-06,1513,0.4727002336944975,0.5895474824729127,186355
RandomSensorPlacementStrategy,RandomDroneRoutingStrategy,0016,02148,26,drone,4.735138776491014e-06,7734,2.4163011284819857,0.6364113523038278,173223
RandomSensorPlacementStrategy,RandomDroneRoutingStrategy,0016,02974,0,drone,4.568143622007741e-06,2,0.0006248515977455,0.18964245991577,35433
RandomSensorPlacementStrategy,RandomDroneRoutingStrategy,0016,01362,36,drone,4.870419242016277e-06,12081,3.7744160761819066,0.5592421799822542,185482
RandomSensorPlacementStrategy,RandomDroneRoutingStrategy,0016,01150,13,drone,4.844269538008218e-06,341,0.1065371974156138,0.3677251652732476,91746
RandomSensorPlacementStrategy,RandomDroneRoutingStrategy,0016,01534,11,drone,4.555569605880909e-06,828,0.2586885614666516,0.4302103250478011,113745
RandomSensorPlacementStrategy,RandomDroneRoutingStrategy,0016,02513,12,drone,4.795569817996719e-06,2022,0.6317249653207364,0.2946175283370199,63028
RandomSensorPlacementStrategy,RandomDroneRoutingStrategy,0016,00076,20,drone,4.870099062360199e-06,129,0.040302928054587,0.4851972656494082,112199
RandomSensorPlacementStrategy,RandomDroneRoutingStrategy,0016,02721,3,drone,4.550840100671491e-06,699,0.2183856334120646,0.356477836513828,73209
RandomSensorPlacementStrategy,RandomDroneRoutingStrategy,0016,02973,8,drone,4.800532361586317e-06,383,0.11965908096827,0.4108399255176895,89129
RandomSensorPlacementStrategy,RandomDroneRoutingStrategy,0016,03069,2,drone,4.678644159788727e-06,5,0.0015621289943638,0.1787075569552231,36226
RandomSensorPlacementStrategy,RandomDroneRoutingStrategy,0016,02726,2,drone,4.592694734272204e-06,185,0.057798772791462,0.141216461090491,22797
RandomSensorPlacementStrategy,RandomDroneRoutingStrategy,0016,02514,53,drone,4.943164115849494e-06,812,0.2536897486846873,0.8597957984978567,284596
RandomSensorPlacementStrategy,RandomDroneRoutingStrategy,0016,01533,7,drone,5.019359848126262e-06,227,0.0709206563441182,0.4345842862320199,92064
RandomSensorPlacementStrategy,RandomDroneRoutingStrategy,0016,01365,8,drone,4.670995120231386e-06,119,0.0371786700658593,0.3674127394743748,91004
RandomSensorPlacementStrategy,RandomDroneRoutingStrategy,0016,00025,4,drone,5.279611421111446e-06,12,0.0037491095864732,0.1305939839288169,23622
RandomSensorPlacementStrategy,RandomDroneRoutingStrategy,0016,02316,34,undetected,5.0443190115469476e-06,47,0.01468401254702,0.7382621627363501,180075
RandomSensorPlacementStrategy,RandomDroneRoutingStrategy,0016,01593,1,drone,4.38079833984375e-06,8,0.0024994063909821,0.2349442007523213,49262
RandomSensorPlacementStrategy,RandomDroneRoutingStrategy,0016,00441,2,drone,5.083966117373781e-06,38,0.0118721803571651,0.0809182819080468,12621
RandomSensorPlacementStrategy,RandomDroneRoutingStrategy,0016,02781,3,drone,4.806666794218548e-06,62,0.0193703995301115,0.278371386795636,61566
RandomSensorPlacementStrategy,RandomDroneRoutingStrategy,0016,01938,7,drone,4.92817053765607e-06,417,0.1302815581299441,0.2683737612317075,50840
RandomSensorPlacementStrategy,RandomDroneRoutingStrategy,0016,02775,2,drone,4.275678290997913e-06,105,0.0328047088816406,0.2749347030080356,65342
RandomSensorPlacementStrategy,RandomDroneRoutingStrategy,0016,01790,5,drone,5.152008750221946e-06,194,0.0606106049813169,0.2021394918706807,34964
RandomSensorPlacementStrategy,RandomDroneRoutingStrategy,0016,00470,56,drone,4.957719522830192e-06,24188,7.556955223134505,0.8879141203964059,286312
RandomSensorPlacementStrategy,RandomDroneRoutingStrategy,0016,01931,11,drone,4.862145470469654e-06,149,0.0465514440320423,0.3824091778202677,92551
RandomSensorPlacementStrategy,RandomDroneRoutingStrategy,0016,01936,23,drone,4.972426896325197e-06,1461,0.4564540921531136,0.6111048625951336,151123
RandomSensorPlacementStrategy,RandomDroneRoutingStrategy,0016,03068,1,drone,6.352938138521635e-06,5,0.0015621289943638,0.0399905022557142,5114
RandomSensorPlacementStrategy,RandomDroneRoutingStrategy,0016,01532,4,drone,5.505084991455078e-06,10,0.0031242579887276,0.1537134930454017,23849
RandomSensorPlacementStrategy,RandomDroneRoutingStrategy,0016,02515,52,drone,4.7861313333316725e-06,16299,5.092228095827242,0.9379022482160488,311104
RandomSensorPlacementStrategy,RandomDroneRoutingStrategy,0016,02149,16,drone,4.667717825792404e-06,5977,1.8673689998625325,0.4820730076606805,140566
RandomSensorPlacementStrategy,RandomDroneRoutingStrategy,0016,01738,6,drone,4.851026063883325e-06,8,0.0024994063909821,0.4036541321436159,90435
RandomSensorPlacementStrategy,RandomDroneRoutingStrategy,0016,00077,33,drone,4.860720522586304e-06,545,0.1702720603856584,0.5504942576138168,174782
RandomSensorPlacementStrategy,RandomDroneRoutingStrategy,0016,02182,8,drone,4.799552321243895e-06,183,0.0571739211937164,0.2886814381584374,49606
RandomSensorPlacementStrategy,RandomDroneRoutingStrategy,0016,01352,9,drone,4.977878242050198e-06,426,0.133093390319799,0.2146365238255914,44368
RandomSensorPlacementStrategy,RandomDroneRoutingStrategy,0016,01194,6,drone,4.57472917510242e-06,442,0.1380922031017633,0.3058648570964396,65142
RandomSensorPlacementStrategy,RandomDroneRoutingStrategy,0016,01937,0,drone,4.220490503792811e-06,15,0.0046863869830915,0.1071620490133593,15625
RandomSensorPlacementStrategy,RandomDroneRoutingStrategy,0016,00471,67,undetected,4.821004923324139e-06,780,0.2436921231207588,1.1066121796073434,376499
RandomSensorPlacementStrategy,RandomDroneRoutingStrategy,0016,02789,0,drone,4.43472259346096e-06,78,0.0243692123120758,0.2971169347280021,55183
RandomSensorPlacementStrategy,RandomDroneRoutingStrategy,0016,00688,1,drone,4.354715347290039e-06,13,0.0040615353853459,0.0899786300753571,14608
RandomSensorPlacementStrategy,RandomDroneRoutingStrategy,0016,02774,0,drone,4.363059997558594e-06,18,0.0056236643797098,0.0871667978855021,13764
RandomSensorPlacementStrategy,RandomDroneRoutingStrategy,0016,00023,1,drone,4.699107686521508e-06,42,0.0131218835526562,0.2236968719929016,39622
RandomSensorPlacementStrategy,RandomDroneRoutingStrategy,0016,01561,5,drone,4.644373758650734e-06,41,0.0128094577537834,0.3236731276321873,73369
RandomSensorPlacementStrategy,RandomDroneRoutingStrategy,0016,01289,12,drone,4.732663730322491e-06,827,0.2583761356677789,0.4892588010347542,100611
RandomSensorPlacementStrategy,RandomDroneRoutingStrategy,0016,00169,10,drone,4.76862575962091e-06,518,0.1618365638160936,0.3542908559217186,73650
RandomSensorPlacementStrategy,RandomDroneRoutingStrategy,0016,01077,11,ground sensor,4.970937743222803e-06,1240,0.3874079906022319,0.3767855134405579,95060
RandomSensorPlacementStrategy,RandomDroneRoutingStrategy,0016,02050,0,drone,4.600867246970152e-06,12,0.0037491095864732,0.2268211299816293,45508
RandomSensorPlacementStrategy,RandomDroneRoutingStrategy,0016,00731,37,undetected,4.9367298379291784e-06,155,0.0484259988252789,0.5973581274447318,194119
RandomSensorPlacementStrategy,RandomDroneRoutingStrategy,0016,02630,3,drone,4.38427628674685e-06,50,0.0156212899436383,0.262125245254252,44624
RandomSensorPlacementStrategy,RandomDroneRoutingStrategy,0016,02637,17,drone,4.911386930906737e-06,5656,1.767080318424374,0.4851972656494082,103834
RandomSensorPlacementStrategy,RandomDroneRoutingStrategy,0016,02663,0,drone,4.4064016531634806e-06,5,0.0015621289943638,0.2758719804046539,46390
RandomSensorPlacementStrategy,RandomDroneRoutingStrategy,0016,01012,4,drone,4.7440501465194525e-06,28,0.0087479223684374,0.2930553993426561,55281
RandomSensorPlacementStrategy,RandomDroneRoutingStrategy,0016,02836,16,drone,4.85732670119505e-06,1957,0.6114172883940064,0.4883215236381359,120324
RandomSensorPlacementStrategy,RandomDroneRoutingStrategy,0016,01829,18,drone,4.5943972076527915e-06,412,0.1287194291355803,0.5873605018808032,153429
RandomSensorPlacementStrategy,RandomDroneRoutingStrategy,0016,01675,6,drone,4.9325286364946206e-06,182,0.0568614953948437,0.2336944975568302,48954
RandomSensorPlacementStrategy,RandomDroneRoutingStrategy,0016,02467,0,drone,4.362499745022846e-06,52,0.0162461415413839,0.2702483160249441,58976
RandomSensorPlacementStrategy,RandomDroneRoutingStrategy,0016,00592,64,undetected,4.755549734730597e-06,18454,5.765505692398055,1.11754708256789,337472
RandomSensorPlacementStrategy,RandomDroneRoutingStrategy,0016,01827,0,drone,4.260477266813579e-06,2,0.0006248515977455,0.2911808445494195,61212
RandomSensorPlacementStrategy,RandomDroneRoutingStrategy,0016,02051,0,drone,4.606549017030189e-06,10,0.0031242579887276,0.1827690923405691,35199
RandomSensorPlacementStrategy,RandomDroneRoutingStrategy,0016,01076,2,drone,4.567797221834697e-06,33,0.0103100513628013,0.2383808845399217,53900
RandomSensorPlacementStrategy,RandomDroneRoutingStrategy,0016,01618,6,ground sensor,4.519861211221685e-06,103,0.032179857283895,0.3324210500006248,76110
RandomSensorPlacementStrategy,RandomDroneRoutingStrategy,0016,01288,25,drone,4.93100418667613e-06,4838,1.5115160149464502,0.6895237381121984,181172
RandomSensorPlacementStrategy,RandomDroneRoutingStrategy,0016,01673,7,drone,4.784524602295584e-06,329,0.1027880878291405,0.2771216836001449,58173
RandomSensorPlacementStrategy,RandomDroneRoutingStrategy,0016,02466,2,drone,4.5533661690655255e-06,4,0.001249703195491,0.2796210899911271,57392
RandomSensorPlacementStrategy,RandomDroneRoutingStrategy,0016,01228,1,drone,4.5541359017202235e-06,113,0.0353041152726227,0.2749347030080356,60519
RandomSensorPlacementStrategy,RandomDroneRoutingStrategy,0016,01210,20,drone,5.053264781147856e-06,809,0.2527524712880691,0.3830340294180132,99309
RandomSensorPlacementStrategy,RandomDroneRoutingStrategy,0016,02468,1,drone,4.328380931507458e-06,108,0.0337419862782589,0.1409040352916182,26738
RandomSensorPlacementStrategy,RandomDroneRoutingStrategy,0016,01013,14,drone,4.729211042468675e-06,227,0.0709206563441182,0.4342718604331471,129879
RandomSensorPlacementStrategy,RandomDroneRoutingStrategy,0016,01221,16,drone,4.707190449746325e-06,315,0.0984141266449218,0.6282882815331359,140346
RandomSensorPlacementStrategy,RandomDroneRoutingStrategy,0016,00909,0,drone,4.233675521786741e-06,8,0.0024994063909821,0.123720616353616,18143
RandomSensorPlacementStrategy,RandomDroneRoutingStrategy,0016,02034,36,drone,4.913545375029498e-06,8230,2.571264324722878,0.6339119459128457,198347
RandomSensorPlacementStrategy,RandomDroneRoutingStrategy,0016,00551,2,drone,4.478926148361825e-06,5,0.0015621289943638,0.1284070033367075,21796
RandomSensorPlacementStrategy,RandomDroneRoutingStrategy,0016,01832,7,drone,5.015552159204243e-06,165,0.0515502568140066,0.1621489896149664,39356
RandomSensorPlacementStrategy,RandomDroneRoutingStrategy,0016,00914,3,drone,4.844095721934576e-06,56,0.0174958447368749,0.3030530249065847,51545
RandomSensorPlacementStrategy,RandomDroneRoutingStrategy,0016,01667,5,drone,4.897415038325657e-06,466,0.1455904222747097,0.2027643434684262,39152
RandomSensorPlacementStrategy,RandomDroneRoutingStrategy,0016,00913,0,drone,4.2859898057094844e-06,8,0.0024994063909821,0.1052874942201227,20325
RandomSensorPlacementStrategy,RandomDroneRoutingStrategy,0016,01835,0,drone,4.5532249359495614e-06,9,0.0028118321898549,0.2352566265511941,38565
RandomSensorPlacementStrategy,RandomDroneRoutingStrategy,0016,02475,4,drone,4.62547085638678e-06,80,0.0249940639098214,0.1662105250003124,24732
RandomSensorPlacementStrategy,RandomDroneRoutingStrategy,0016,02018,6,drone,4.646212426509052e-06,284,0.088728926879866,0.2846199027730913,53792
RandomSensorPlacementStrategy,RandomDroneRoutingStrategy,0016,01464,7,drone,4.696210498760613e-06,96,0.0299928766917857,0.4280233444556918,92126
RandomSensorPlacementStrategy,RandomDroneRoutingStrategy,0016,01497,13,drone,4.931370100652079e-06,1584,0.494882465414464,0.3989677451605244,98520
RandomSensorPlacementStrategy,RandomDroneRoutingStrategy,0016,02080,19,drone,4.698451936553797e-06,3347,1.0456891488271536,0.4664517177170422,149330
RandomSensorPlacementStrategy,RandomDroneRoutingStrategy,0016,00723,20,drone,4.807968094874995e-06,472,0.1474649770679463,0.53393569027356,134614
RandomSensorPlacementStrategy,RandomDroneRoutingStrategy,0016,02279,23,drone,7.74280444995777e-06,1354,0.4230245316737275,0.5255001937039953,128114
RandomSensorPlacementStrategy,RandomDroneRoutingStrategy,0016,00724,21,drone,5.392553846127934e-06,495,0.15465077044202,0.4539546857621315,107453
RandomSensorPlacementStrategy,RandomDroneRoutingStrategy,0016,01054,5,drone,5.245208740234375e-06,71,0.0221822317199665,0.2021394918706807,35021
RandomSensorPlacementStrategy,RandomDroneRoutingStrategy,0016,02428,15,drone,4.864934729950044e-06,1290,0.4030292805458703,0.4448943375948212,103727
RandomSensorPlacementStrategy,RandomDroneRoutingStrategy,0016,02613,72,undetected,4.8419043364859214e-06,35850,11.200464889588725,1.2156487834139391,393108
RandomSensorPlacementStrategy,RandomDroneRoutingStrategy,0016,00520,4,drone,4.629740554295229e-06,2,0.0006248515977455,0.3989677451605244,83382
RandomSensorPlacementStrategy,RandomDroneRoutingStrategy,0016,02283,2,drone,4.547375899094801e-06,112,0.0349916894737499,0.1149726939851785,20851
RandomSensorPlacementStrategy,RandomDroneRoutingStrategy,0016,00715,50,drone,5.031489938480246e-06,5294,1.6539821792324323,0.797623064522176,268073
RandomSensorPlacementStrategy,RandomDroneRoutingStrategy,0016,02614,4,drone,4.573527275187477e-06,394,0.1230957647558704,0.2974293605268748,53575
RandomSensorPlacementStrategy,RandomDroneRoutingStrategy,0016,00544,14,drone,4.815588514488864e-06,247,0.0771691723215736,0.3839713068146315,105749
RandomSensorPlacementStrategy,RandomDroneRoutingStrategy,0016,00588,53,drone,4.90174027955726e-06,18897,5.903910321298691,1.0381909296542071,317866
RandomSensorPlacementStrategy,RandomDroneRoutingStrategy,0016,01465,3,drone,4.5098332916130996e-06,181,0.0565490695959709,0.3305464952073882,73836
RandomSensorPlacementStrategy,RandomDroneRoutingStrategy,0016,00543,4,drone,4.898962663046679e-06,62,0.0193703995301115,0.1749584473687499,29694
RandomSensorPlacementStrategy,RandomDroneRoutingStrategy,0016,01834,6,drone,4.5883655548095705e-06,9,0.0028118321898549,0.2390057361376673,47466
RandomSensorPlacementStrategy,RandomDroneRoutingStrategy,0016,01833,18,drone,4.847632401017522e-06,3951,1.2343943313463053,0.5105037553581024,147558
RandomSensorPlacementStrategy,RandomDroneRoutingStrategy,0016,02641,10,drone,4.517516862440038e-06,1052,0.3286719404141516,0.451767705170022,105521
RandomSensorPlacementStrategy,RandomDroneRoutingStrategy,0016,00586,69,drone,4.986020087758536e-06,28373,8.864457191417038,1.0147589947387494,345494
RandomSensorPlacementStrategy,RandomDroneRoutingStrategy,0016,00714,4,drone,4.9743246524891954e-06,31,0.0096851997650557,0.2839950511753458,54657
RandomSensorPlacementStrategy,RandomDroneRoutingStrategy,0016,01256,3,drone,4.9742193169932545e-06,124,0.0387407990602231,0.2899311413539284,58085
RandomSensorPlacementStrategy,RandomDroneRoutingStrategy,0016,01635,9,drone,4.974441911706972e-06,44,0.0137467351504017,0.2293205363726115,47100
RandomSensorPlacementStrategy,RandomDroneRoutingStrategy,0016,02612,2,drone,4.964088326069846e-06,394,0.1230957647558704,0.0665466951598995,10349
RandomSensorPlacementStrategy,RandomDroneRoutingStrategy,0016,00713,64,undetected,4.707669454907614e-06,1252,0.3911571001887052,1.1319186693160377,370358
RandomSensorPlacementStrategy,RandomDroneRoutingStrategy,0016,01438,7,drone,4.860495223480017e-06,207,0.0646721403666629,0.3249228308276784,59002
RandomSensorPlacementStrategy,RandomDroneRoutingStrategy,0016,02086,0,drone,4.5850974361912736e-06,1,0.0003124257988727,0.212449543233482,34493
RandomSensorPlacementStrategy,RandomDroneRoutingStrategy,0016,02429,53,drone,4.737112964584289e-06,4843,1.513078143940814,0.9947637436108924,294641
RandomSensorPlacementStrategy,RandomDroneRoutingStrategy,0016,02081,9,drone,4.7815784420981e-06,305,0.0952898686561941,0.3546032817205913,81180
RandomSensorPlacementStrategy,RandomDroneRoutingStrategy,0016,01409,2,drone,4.452855690665867e-06,52,0.0162461415413839,0.1705844861845311,29162
RandomSensorPlacementStrategy,RandomDroneRoutingStrategy,0016,02563,3,drone,4.607329674817006e-06,17,0.005311238580837,0.3130506504705133,69156
RandomSensorPlacementStrategy,RandomDroneRoutingStrategy,0016,00006,1,drone,4.65420818833447e-06,10,0.0031242579887276,0.155900473637511,30853
RandomSensorPlacementStrategy,RandomDroneRoutingStrategy,0016,00001,4,drone,4.923433289492041e-06,72,0.0224946575188392,0.1174721003761606,20722
RandomSensorPlacementStrategy,RandomDroneRoutingStrategy,0016,00465,67,drone,5.763911233073224e-06,8468,2.645621664854598,1.133168372511529,329074
RandomSensorPlacementStrategy,RandomDroneRoutingStrategy,0016,00491,42,ground sensor,5.498765006897941e-06,20392,6.370986890613479,0.8244916832252339,224894
RandomSensorPlacementStrategy,RandomDroneRoutingStrategy,0016,01740,1,drone,4.781512763556533e-06,5,0.0015621289943638,0.1149726939851785,19488
RandomSensorPlacementStrategy,RandomDroneRoutingStrategy,0016,02555,4,drone,5.282084147135417e-06,305,0.0952898686561941,0.1777702795586048,29915
RandomSensorPlacementStrategy,RandomDroneRoutingStrategy,0016,02303,0,drone,5.154741611405323e-06,11,0.0034366837876004,0.1434034416826003,20504
RandomSensorPlacementStrategy,RandomDroneRoutingStrategy,0016,02733,16,drone,4.713991673559963e-06,1694,0.5292493032904685,0.3845961584123771,85618
RandomSensorPlacementStrategy,RandomDroneRoutingStrategy,0016,00256,35,drone,5.993165280158978e-06,12767,3.9887401742086257,0.7526337494844975,222212
RandomSensorPlacementStrategy,RandomDroneRoutingStrategy,0016,01384,4,drone,5.208507732108787e-06,32,0.0099976255639285,0.2939926767392744,67398
RandomSensorPlacementStrategy,RandomDroneRoutingStrategy,0016,02734,68,drone,4.912720245568931e-06,32450,10.138217173421312,1.1550381784326222,374832
RandomSensorPlacementStrategy,RandomDroneRoutingStrategy,0016,02530,2,drone,4.81823690576491e-06,70,0.0218698059210937,0.1262200227445981,23363
RandomSensorPlacementStrategy,RandomDroneRoutingStrategy,0016,00431,13,drone,5.420232783852285e-06,155,0.0484259988252789,0.338981991776953,70194
RandomSensorPlacementStrategy,RandomDroneRoutingStrategy,0016,00293,9,drone,4.9738329122281344e-06,112,0.0349916894737499,0.338981991776953,89448
RandomSensorPlacementStrategy,RandomDroneRoutingStrategy,0016,02395,0,drone,4.117553298537796e-06,5,0.0015621289943638,0.1177845261750334,20226
RandomSensorPlacementStrategy,RandomDroneRoutingStrategy,0016,02361,2,drone,4.6818456634666575e-06,366,0.1143478423874329,0.2446294005173771,50091
RandomSensorPlacementStrategy,RandomDroneRoutingStrategy,0016,00052,62,drone,4.682775403632492e-06,2775,0.8669815918719305,1.1356677789025107,342556
RandomSensorPlacementStrategy,RandomDroneRoutingStrategy,0016,00099,18,drone,5.002501575111874e-06,32,0.0099976255639285,0.4536422599632587,136486
RandomSensorPlacementStrategy,RandomDroneRoutingStrategy,0016,01983,2,drone,4.713465294108325e-06,4,0.001249703195491,0.2680613354328347,51984
RandomSensorPlacementStrategy,RandomDroneRoutingStrategy,0016,02933,39,drone,4.8060621758892196e-06,14562,4.549544483185244,0.7860633099638836,237322
RandomSensorPlacementStrategy,RandomDroneRoutingStrategy,0016,02302,1,drone,4.6025789701021635e-06,19,0.0059360901785825,0.1755832989664954,27166
RandomSensorPlacementStrategy,RandomDroneRoutingStrategy,0016,00490,6,drone,4.771251806476772e-06,550,0.1718341893800222,0.3149252052637498,58709
RandomSensorPlacementStrategy,RandomDroneRoutingStrategy,0016,01542,6,drone,5.257402988548212e-06,106,0.0331171346805133,0.2152613754233369,45509
RandomSensorPlacementStrategy,RandomDroneRoutingStrategy,0016,00007,1,drone,4.561770428966373e-06,21,0.0065609417763281,0.2427548457241405,45302
RandomSensorPlacementStrategy,RandomDroneRoutingStrategy,0016,02152,13,drone,5.160592543058455e-06,126,0.0393656506579687,0.3480423399442632,76274
RandomSensorPlacementStrategy,RandomDroneRoutingStrategy,0016,00053,10,drone,4.7872586505403245e-06,399,0.1246578937502343,0.3421062497656806,77479
RandomSensorPlacementStrategy,RandomDroneRoutingStrategy,0016,00850,8,drone,4.856825383233109e-06,479,0.1496519576600557,0.3546032817205913,71613
RandomSensorPlacementStrategy,RandomDroneRoutingStrategy,0016,02393,0,drone,4.724093845912388e-06,3,0.0009372773966183,0.0409277796523325,5748
RandomSensorPlacementStrategy,RandomDroneRoutingStrategy,0016,01186,12,drone,5.142548038676096e-06,330,0.1031005136280133,0.3933440807808145,95325
RandomSensorPlacementStrategy,RandomDroneRoutingStrategy,0016,00430,8,drone,4.8074749103749925e-06,29,0.0090603481673102,0.4177132930928904,82372
RandomSensorPlacementStrategy,RandomDroneRoutingStrategy,0016,01971,3,drone,4.941741855158282e-06,165,0.0515502568140066,0.3146127794648771,71619
RandomSensorPlacementStrategy,RandomDroneRoutingStrategy,0016,02735,11,drone,4.625875890041337e-06,697,0.2177607818143191,0.4033417063447431,87171
RandomSensorPlacementStrategy,RandomDroneRoutingStrategy,0016,00257,22,undetected,4.8574237596421016e-06,1305,0.4077156675289619,0.536747522463415,162278
RandomSensorPlacementStrategy,RandomDroneRoutingStrategy,0016,02315,22,drone,5.215063862416936e-06,167,0.0521751084117522,0.5448705932341069,123656
RandomSensorPlacementStrategy,RandomDroneRoutingStrategy,0016,01590,14,drone,4.90290778023856e-06,1369,0.427710918656819,0.3624139266924105,76531
RandomSensorPlacementStrategy,RandomDroneRoutingStrategy,0016,03037,21,drone,4.924215921541539e-06,5319,1.6617928242042517,0.6454717004711381,157732
RandomSensorPlacementStrategy,RandomDroneRoutingStrategy,0016,00487,6,drone,5.073196883358393e-06,242,0.0756070433272097,0.2346317749534485,41503
RandomSensorPlacementStrategy,RandomDroneRoutingStrategy,0016,00840,51,drone,4.963435722149781e-06,68,0.0212449543233482,1.027880878291406,304506
RandomSensorPlacementStrategy,RandomDroneRoutingStrategy,0016,01501,6,drone,4.8105467097423565e-06,141,0.0440520376410602,0.3596020945025556,88416
RandomSensorPlacementStrategy,RandomDroneRoutingStrategy,0016,01350,1,drone,4.98809066473269e-06,26,0.0081230707706919,0.0512378310151339,7849
RandomSensorPlacementStrategy,RandomDroneRoutingStrategy,0016,01366,8,drone,4.945509883773375e-06,126,0.0393656506579687,0.291805696147165,59036
RandomSensorPlacementStrategy,RandomDroneRoutingStrategy,0016,00849,11,drone,4.945491744313737e-06,410,0.1280945775378347,0.2552518776790512,58570
RandomSensorPlacementStrategy,RandomDroneRoutingStrategy,0016,02722,35,drone,1.065196124586826e-05,10760,3.3617015958709806,0.8269910896162161,228050
RandomSensorPlacementStrategy,RandomDroneRoutingStrategy,0016,02741,21,drone,4.86795255826412e-06,2290,0.7154550794186381,0.4883215236381359,142368
RandomSensorPlacementStrategy,RandomDroneRoutingStrategy,0016,01792,4,drone,5.0302244659163e-06,162,0.0506129794173883,0.2721228708181806,53959
RandomSensorPlacementStrategy,RandomDroneRoutingStrategy,0016,00472,58,drone,5.138743366883551e-06,24947,7.794086404478937,1.001637111186093,343619
RandomSensorPlacementStrategy,RandomDroneRoutingStrategy,0016,01591,9,drone,4.732662493044192e-06,342,0.1068496232144865,0.357727539709319,70055
RandomSensorPlacementStrategy,RandomDroneRoutingStrategy,0016,00824,32,undetected,5.420481536934435e-06,57,0.0178082705357477,0.6295379847286269,176879
RandomSensorPlacementStrategy,RandomDroneRoutingStrategy,0016,01562,50,drone,4.8466670660325035e-06,13822,4.318349392019395,0.6923355703020533,254604
RandomSensorPlacementStrategy,RandomDroneRoutingStrategy,0016,00823,12,drone,4.944483439127604e-06,20,0.0062485159774553,0.469263549906897,115553
RandomSensorPlacementStrategy,RandomDroneRoutingStrategy,0016,02949,12,ground sensor,5.157220931280227e-06,4685,1.463714867718917,0.3964683387695423,81338
RandomSensorPlacementStrategy,RandomDroneRoutingStrategy,0016,02181,16,drone,4.793955310838952e-06,515,0.1608992864194753,0.4567665179519863,103248
RandomSensorPlacementStrategy,RandomDroneRoutingStrategy,0016,02529,5,drone,4.675590767050689e-06,768,0.2399430135342856,0.1921418663067521,32778
RandomSensorPlacementStrategy,RandomDroneRoutingStrategy,0016,01969,15,drone,4.803529426233092e-06,1683,0.5258126195028681,0.4511428535722766,128710
RandomSensorPlacementStrategy,RandomDroneRoutingStrategy,0016,01367,25,drone,4.885436255139915e-06,346,0.1080993264099776,0.7254527049825666,180147
RandomSensorPlacementStrategy,RandomDroneRoutingStrategy,0016,01475,12,drone,5.291567908393012e-06,364,0.1137229907896874,0.4870718204426448,119551
RandomSensorPlacementStrategy,RandomDroneRoutingStrategy,0016,01018,2,drone,4.717594141348125e-06,4,0.001249703195491,0.2889938639573101,56372
RandomSensorPlacementStrategy,RandomDroneRoutingStrategy,0016,01676,7,drone,4.646886637907547e-06,169,0.0527999600094977,0.2402554393331583,54032
RandomSensorPlacementStrategy,RandomDroneRoutingStrategy,0016,00905,1,drone,4.726720143513507e-06,5,0.0015621289943638,0.2671240580362163,51977
RandomSensorPlacementStrategy,RandomDroneRoutingStrategy,0016,00199,52,drone,4.78795837748152e-06,3880,1.2122120996263388,1.0144465689398767,303021
RandomSensorPlacementStrategy,RandomDroneRoutingStrategy,0016,01877,5,drone,4.953874316893314e-06,146,0.045614166635424,0.1624614154138392,31344
RandomSensorPlacementStrategy,RandomDroneRoutingStrategy,0016,02857,8,drone,4.664806036458063e-06,508,0.158712305827366,0.41427660930529,94662
RandomSensorPlacementStrategy,RandomDroneRoutingStrategy,0016,01283,19,drone,4.974581160635319e-06,1485,0.4639523113260601,0.4223996800759819,104744
RandomSensorPlacementStrategy,RandomDroneRoutingStrategy,0016,00197,5,drone,4.647434621617414e-06,47,0.01468401254702,0.1843312213349329,33615
RandomSensorPlacementStrategy,RandomDroneRoutingStrategy,0016,02859,16,drone,4.85042561153401e-06,113,0.0353041152726227,0.5279996000949775,137291
RandomSensorPlacementStrategy,RandomDroneRoutingStrategy,0016,00732,37,undetected,4.713927512561088e-06,155,0.0484259988252789,0.8413626763643635,217427
RandomSensorPlacementStrategy,RandomDroneRoutingStrategy,0016,01284,9,drone,4.739957055240141e-06,895,0.2796210899911271,0.4124020545120533,101412
RandomSensorPlacementStrategy,RandomDroneRoutingStrategy,0016,02465,3,drone,4.684166252245894e-06,6,0.0018745547932366,0.2005773628763169,39424
RandomSensorPlacementStrategy,RandomDroneRoutingStrategy,0016,01222,9,drone,4.527121428356035e-06,70,0.0218698059210937,0.4289606218523101,98840
RandomSensorPlacementStrategy,RandomDroneRoutingStrategy,0016,02834,17,drone,5.013487312231171e-06,1989,0.621414913957935,0.4345842862320199,96575
RandomSensorPlacementStrategy,RandomDroneRoutingStrategy,0016,01487,1,drone,4.61889496931793e-06,12,0.0037491095864732,0.2755595546057811,56068
RandomSensorPlacementStrategy,RandomDroneRoutingStrategy,0016,01017,2,drone,4.444784734320089e-06,7,0.0021869805921093,0.3130506504705133,70047
RandomSensorPlacementStrategy,RandomDroneRoutingStrategy,0016,01473,5,drone,4.714833726912956e-06,46,0.0143715867481473,0.3695997200664842,75044
RandomSensorPlacementStrategy,RandomDroneRoutingStrategy,0016,02833,22,drone,4.905490628883678e-06,3588,1.1209837663554905,0.5520563866081806,115433
RandomSensorPlacementStrategy,RandomDroneRoutingStrategy,0016,02858,34,drone,5.995672187889759e-06,4614,1.4415326359989502,0.5664279733563279,173626
RandomSensorPlacementStrategy,RandomDroneRoutingStrategy,0016,01285,6,drone,4.542985529761605e-06,109,0.0340544120771316,0.2346317749534485,48958
RandomSensorPlacementStrategy,RandomDroneRoutingStrategy,0016,02293,0,drone,4.291534423828125e-06,3,0.0009372773966183,0.1349679451130356,21511
RandomSensorPlacementStrategy,RandomDroneRoutingStrategy,0016,00198,25,drone,4.708244089494672e-06,77,0.0240567865132031,0.7363876079431135,181222
RandomSensorPlacementStrategy,RandomDroneRoutingStrategy,0016,00515,1,drone,4.440447024728769e-06,7,0.0021869805921093,0.1443407190792187,24095
RandomSensorPlacementStrategy,RandomDroneRoutingStrategy,0016,02084,3,drone,4.863483108220246e-06,52,0.0162461415413839,0.2461915295117409,44848
RandomSensorPlacementStrategy,RandomDroneRoutingStrategy,0016,02083,12,drone,4.848622062668175e-06,1490,0.4655144403204239,0.3405441207713168,77225
RandomSensorPlacementStrategy,RandomDroneRoutingStrategy,0016,02245,8,drone,4.771153132120768e-06,863,0.2696234644271985,0.2215098914007923,47023
RandomSensorPlacementStrategy,RandomDroneRoutingStrategy,0016,01254,2,drone,5.227408258084258e-06,109,0.0340544120771316,0.1802696859495869,35322
RandomSensorPlacementStrategy,RandomDroneRoutingStrategy,0016,02628,0,drone,4.390875498453776e-06,4,0.001249703195491,0.0821679851035379,12025
RandomSensorPlacementStrategy,RandomDroneRoutingStrategy,0016,01637,3,drone,4.893195801886959e-06,256,0.0799810045114285,0.2305702395681025,42804
RandomSensorPlacementStrategy,RandomDroneRoutingStrategy,0016,02280,0,drone,4.48001603361595e-06,2,0.0006248515977455,0.2283832589759931,61464
RandomSensorPlacementStrategy,RandomDroneRoutingStrategy,0016,01253,4,drone,4.702180788661893e-06,227,0.0709206563441182,0.2552518776790512,56783
RandomSensorPlacementStrategy,RandomDroneRoutingStrategy,0016,02079,1,drone,4.866524882938551e-06,27,0.0084354965695647,0.3043027281020757,59304
RandomSensorPlacementStrategy,RandomDroneRoutingStrategy,0016,01862,6,drone,4.792213439941407e-06,231,0.0721703595396093,0.2021394918706807,37933
RandomSensorPlacementStrategy,RandomDroneRoutingStrategy,0016,00548,2,drone,5.183784661857782e-06,15,0.0046863869830915,0.3292967920118972,65454
RandomSensorPlacementStrategy,RandomDroneRoutingStrategy,0016,00910,0,drone,4.788021464924236e-06,7,0.0021869805921093,0.1534010672465289,29284
RandomSensorPlacementStrategy,RandomDroneRoutingStrategy,0016,01836,4,drone,4.588244219016428e-06,9,0.0028118321898549,0.3033654507054574,73192
RandomSensorPlacementStrategy,RandomDroneRoutingStrategy,0016,02476,0,drone,4.313208840110085e-06,9,0.0028118321898549,0.0331171346805133,5116
RandomSensorPlacementStrategy,RandomDroneRoutingStrategy,0016,01831,2,drone,4.4103591672835815e-06,84,0.0262437671053124,0.2546270260813056,49571
RandomSensorPlacementStrategy,RandomDroneRoutingStrategy,0016,01209,4,drone,4.800765410713527e-06,55,0.0171834189380022,0.2855571801697097,55778
RandomSensorPlacementStrategy,RandomDroneRoutingStrategy,0016,02478,0,drone,4.475995113975123e-06,22,0.0068733675752008,0.0890413526787387,15231
RandomSensorPlacementStrategy,RandomDroneRoutingStrategy,0016,01838,2,drone,4.4904573999270045e-06,19,0.0059360901785825,0.2177607818143191,38103
RandomSensorPlacementStrategy,RandomDroneRoutingStrategy,0016,01636,4,drone,4.5380394098795214e-06,10,0.0031242579887276,0.3474174883465177,71538
RandomSensorPlacementStrategy,RandomDroneRoutingStrategy,0016,01863,9,drone,4.866024944539627e-06,1312,0.4099026481210712,0.435833989427511,92099
RandomSensorPlacementStrategy,RandomDroneRoutingStrategy,0016,01255,5,drone,4.699233757897165e-06,352,0.1099738812032142,0.2949299541358927,52133
RandomSensorPlacementStrategy,RandomDroneRoutingStrategy,0016,00513,6,drone,4.758810937255248e-06,19,0.0059360901785825,0.1524637898499106,30793
RandomSensorPlacementStrategy,RandomDroneRoutingStrategy,0016,00148,41,drone,4.867545359461506e-06,10006,3.1261325435209137,0.7063947312513278,238791
RandomSensorPlacementStrategy,RandomDroneRoutingStrategy,0016,02243,20,drone,4.750525045116045e-06,4633,1.447468726177533,0.4817605818618077,138057
RandomSensorPlacementStrategy,RandomDroneRoutingStrategy,0016,01290,1,drone,4.784738990207559e-06,1,0.0003124257988727,0.1965158274909709,33403
RandomSensorPlacementStrategy,RandomDroneRoutingStrategy,0016,01002,48,drone,4.767398728604429e-06,137,0.0428023344455691,0.8713555530561492,269101
RandomSensorPlacementStrategy,RandomDroneRoutingStrategy,0016,01230,11,drone,4.72627282671518e-06,2490,0.7779402391931917,0.388657693797723,89008
RandomSensorPlacementStrategy,RandomDroneRoutingStrategy,0016,01830,8,drone,4.672384881353998e-06,290,0.0906034816731026,0.2964920831302565,55226
RandomSensorPlacementStrategy,RandomDroneRoutingStrategy,0016,01665,20,drone,4.684269655380291e-06,92,0.0287431734962946,0.5170646971344306,147503
RandomSensorPlacementStrategy,RandomDroneRoutingStrategy,0016,02477,5,drone,4.55654856012463e-06,132,0.0412402054512053,0.383346455216886,77979
RandomSensorPlacementStrategy,RandomDroneRoutingStrategy,0016,00897,15,drone,4.889364209630547e-06,298,0.0931028880640847,0.5764255989202565,136752
RandomSensorPlacementStrategy,RandomDroneRoutingStrategy,0016,02192,7,drone,4.677505017600735e-06,185,0.057798772791462,0.3958434871717967,88890
RandomSensorPlacementStrategy,RandomDroneRoutingStrategy,0016,01513,7,drone,4.671495906337915e-06,367,0.1146602681863057,0.2611879678576338,63954
RandomSensorPlacementStrategy,RandomDroneRoutingStrategy,0016,01184,11,drone,5.172123418790158e-06,293,0.0915407590697209,0.4070908159312163,83828
RandomSensorPlacementStrategy,RandomDroneRoutingStrategy,0016,02533,4,drone,4.4510914729191705e-06,76,0.0237443607143303,0.168085079793549,31827
RandomSensorPlacementStrategy,RandomDroneRoutingStrategy,0016,02558,0,drone,4.72658234768688e-06,4,0.001249703195491,0.2311950911658481,42220
RandomSensorPlacementStrategy,RandomDroneRoutingStrategy,0016,01540,0,drone,4.539045236878476e-06,39,0.0121846061560379,0.1077869006111048,18255
RandomSensorPlacementStrategy,RandomDroneRoutingStrategy,0016,00698,43,drone,4.896997687582678e-06,5706,1.7827016083680127,0.8216798510353791,226390
RandomSensorPlacementStrategy,RandomDroneRoutingStrategy,0016,01547,5,drone,4.8831881531614815e-06,23,0.0071857933740736,0.3183618890513503,62547
RandomSensorPlacementStrategy,RandomDroneRoutingStrategy,0016,00839,12,drone,4.594774441568101e-06,155,0.0484259988252789,0.2893062897561829,80771
RandomSensorPlacementStrategy,RandomDroneRoutingStrategy,0016,00005,9,drone,4.743815018157607e-06,913,0.2852447543708369,0.4502055761756582,102009
RandomSensorPlacementStrategy,RandomDroneRoutingStrategy,0016,00468,65,undetected,4.902633833280815e-06,22324,6.974593534035667,0.9935140404154011,332357
RandomSensorPlacementStrategy,RandomDroneRoutingStrategy,0016,02931,44,drone,4.991350532217828e-06,16099,5.0297429360526875,0.7838763293717741,221432
RandomSensorPlacementStrategy,RandomDroneRoutingStrategy,0016,01743,32,drone,4.82255335443834e-06,4234,1.322810832427299,0.6198527849635711,200328
RandomSensorPlacementStrategy,RandomDroneRoutingStrategy,0016,02532,0,drone,4.477249948601974e-06,10,0.0031242579887276,0.0484259988252789,7230
RandomSensorPlacementStrategy,RandomDroneRoutingStrategy,0016,01512,0,drone,4.45816029353636e-06,3,0.0009372773966183,0.2849323285719641,55768
RandomSensorPlacementStrategy,RandomDroneRoutingStrategy,0016,00896,1,drone,4.591295172204234e-06,9,0.0028118321898549,0.2721228708181806,61032
RandomSensorPlacementStrategy,RandomDroneRoutingStrategy,0016,01548,33,drone,4.925355405664695e-06,257,0.0802934303103013,0.7841887551706469,196816
RandomSensorPlacementStrategy,RandomDroneRoutingStrategy,0016,01583,8,drone,4.950963275533327e-06,136,0.0424899086466964,0.2346317749534485,44069
RandomSensorPlacementStrategy,RandomDroneRoutingStrategy,0016,01789,6,drone,4.588809472247647e-06,480,0.1499643834589284,0.2552518776790512,74516
RandomSensorPlacementStrategy,RandomDroneRoutingStrategy,0016,00838,6,drone,5.019389516938993e-06,23,0.0071857933740736,0.2833701995776003,57340
RandomSensorPlacementStrategy,RandomDroneRoutingStrategy,0016,01310,7,drone,4.716821618982263e-06,497,0.1552756220397655,0.3783476424349217,83094
RandomSensorPlacementStrategy,RandomDroneRoutingStrategy,0016,01541,2,drone,4.832311110063033e-06,89,0.0278058960996763,0.2586885614666516,52897
RandomSensorPlacementStrategy,RandomDroneRoutingStrategy,0016,00467,9,drone,5.10749403750423e-06,37,0.0115597545582924,0.4233369574726002,108904
RandomSensorPlacementStrategy,RandomDroneRoutingStrategy,0264,00356,0,drone,5.657954882549983e-06,1,0.0007258790395168,0.2264742603292587,14448
